{"bins":{"0":0.0,"1":0.2929292929,"2":0.5858585859,"3":0.8787878788,"4":1.1717171717,"5":1.4646464646,"6":1.7575757576,"7":2.0505050505,"8":2.3434343434,"9":2.6363636364,"10":2.9292929293,"11":3.2222222222,"12":3.5151515152,"13":3.8080808081,"14":4.101010101,"15":4.3939393939,"16":4.6868686869,"17":4.9797979798,"18":5.2727272727,"19":5.5656565657,"20":5.8585858586,"21":6.1515151515,"22":6.4444444444,"23":6.7373737374,"24":7.0303030303,"25":7.3232323232,"26":7.6161616162,"27":7.9090909091,"28":8.202020202,"29":8.4949494949,"30":8.7878787879,"31":9.0808080808,"32":9.3737373737,"33":9.6666666667,"34":9.9595959596,"35":10.2525252525,"36":10.5454545455,"37":10.8383838384,"38":11.1313131313,"39":11.4242424242,"40":11.7171717172,"41":12.0101010101,"42":12.303030303,"43":12.595959596,"44":12.8888888889,"45":13.1818181818,"46":13.4747474747,"47":13.7676767677,"48":14.0606060606,"49":14.3535353535,"50":14.6464646465,"51":14.9393939394,"52":15.2323232323,"53":15.5252525253,"54":15.8181818182,"55":16.1111111111,"56":16.404040404,"57":16.696969697,"58":16.9898989899,"59":17.2828282828,"60":17.5757575758,"61":17.8686868687,"62":18.1616161616,"63":18.4545454545,"64":18.7474747475,"65":19.0404040404,"66":19.3333333333,"67":19.6262626263,"68":19.9191919192,"69":20.2121212121,"70":20.5050505051,"71":20.797979798,"72":21.0909090909,"73":21.3838383838,"74":21.6767676768,"75":21.9696969697,"76":22.2626262626,"77":22.5555555556,"78":22.8484848485,"79":23.1414141414,"80":23.4343434343,"81":23.7272727273,"82":24.0202020202,"83":24.3131313131,"84":24.6060606061,"85":24.898989899,"86":25.1919191919,"87":25.4848484848,"88":25.7777777778,"89":26.0707070707,"90":26.3636363636,"91":26.6565656566,"92":26.9494949495,"93":27.2424242424,"94":27.5353535354,"95":27.8282828283,"96":28.1212121212,"97":28.4141414141,"98":28.7070707071,"99":29.0},"parallel forces":{"0":0.0,"1":0.0,"2":0.0,"3":0.0,"4":0.0,"5":0.0,"6":0.0,"7":0.0,"8":0.0,"9":0.0,"10":0.0,"11":0.0,"12":0.0,"13":0.0,"14":0.0,"15":0.0,"16":0.0,"17":0.0,"18":0.0,"19":0.0,"20":0.0,"21":0.0,"22":0.0,"23":0.0,"24":0.0,"25":0.0,"26":0.0,"27":71.5000253075,"28":37.8336496924,"29":23.2869210868,"30":13.7932023981,"31":7.784568302,"32":4.0080032817,"33":1.7931182561,"34":0.6369840979,"35":0.1659813924,"36":0.2001732827,"37":0.3356180994,"38":0.2478263596,"39":0.0855362968,"40":-0.0608342118,"41":-0.1444163062,"42":-0.2342881497,"43":-0.2576395659,"44":-0.2891594948,"45":-0.2808228216,"46":-0.2901709313,"47":-0.2683427374,"48":-0.274102753,"49":-0.263510512,"50":-0.2580060164,"51":-0.2532061854,"52":-0.222539966,"53":-0.2248554351,"54":-0.2050231683,"55":-0.1803228696,"56":-0.1799626863,"57":-0.160031764,"58":-0.1259139379,"59":-0.1122210814,"60":-0.0938598655,"61":-0.0784251686,"62":-0.0488182583,"63":-0.0185854824,"64":-0.0359978309,"65":-0.0042791355,"66":0.0019648583,"67":0.0279078298,"68":0.0102410536,"69":0.0082617272,"70":0.0605874247,"71":0.0570665929,"72":0.0664736515,"73":0.052696069,"74":0.0624254749,"75":0.0422327382,"76":0.0318054946,"77":0.0220232415,"78":0.0244282657,"79":0.0068208259,"80":-0.0025972423,"81":0.0017674929,"82":0.0063019255,"83":0.0397396487,"84":-0.0039475346,"85":-0.0128148285,"86":-0.4346090267,"87":0.0,"88":0.0,"89":0.0,"90":0.0,"91":0.0,"92":0.0,"93":0.0,"94":0.0,"95":0.0,"96":0.0,"97":0.0,"98":0.0,"99":0.0},"transverse forces":{"0":0.0,"1":0.0,"2":0.0,"3":0.0,"4":0.0,"5":0.0,"6":0.0,"7":0.0,"8":0.0,"9":0.0,"10":0.0,"11":0.0,"12":0.0,"13":0.0,"14":0.0,"15":0.0,"16":0.0,"17":0.0,"18":0.0,"19":0.0,"20":0.0,"21":0.0,"22":0.0,"23":0.0,"24":0.0,"25":0.0,"26":0.0,"27":-2.6567308984,"28":0.0571346403,"29":0.0945795732,"30":-0.0100052117,"31":0.0076372551,"32":0.0185284541,"33":-0.0091371512,"34":-0.006317249,"35":0.0007423898,"36":-0.0043029575,"37":-0.0033135728,"38":-0.0066675832,"39":0.0029327084,"40":0.00932994,"41":-0.0107053727,"42":0.0009676279,"43":-0.0027165464,"44":-0.0026205472,"45":-0.0107653672,"46":-0.0119552467,"47":-0.0046707828,"48":0.0163704852,"49":0.0030978265,"50":-0.0058139389,"51":-0.0107290042,"52":0.0131650075,"53":0.0133036098,"54":0.0022420368,"55":0.0076868589,"56":0.0164250519,"57":-0.0102517432,"58":-0.0172017644,"59":-0.0043784177,"60":0.0187109239,"61":-0.007389271,"62":-0.0105555221,"63":0.02324893,"64":0.0086912691,"65":0.0200445007,"66":0.0084705216,"67":0.0015679385,"68":-0.0238777598,"69":0.0021522087,"70":-0.0077475232,"71":0.0060188701,"72":0.0013677052,"73":-0.0134922098,"74":-0.0056918256,"75":0.030391566,"76":0.0061477688,"77":-0.0101661104,"78":0.0015291515,"79":0.0118865901,"80":0.0160287982,"81":0.0513393734,"82":0.0017714709,"83":0.0380506287,"84":-0.0049071081,"85":0.0701195132,"86":0.3466897181,"87":0.0,"88":0.0,"89":0.0,"90":0.0,"91":0.0,"92":0.0,"93":0.0,"94":0.0,"95":0.0,"96":0.0,"97":0.0,"98":0.0,"99":0.0}}