{"bins":{"0":0.0,"1":0.2929292929,"2":0.5858585859,"3":0.8787878788,"4":1.1717171717,"5":1.4646464646,"6":1.7575757576,"7":2.0505050505,"8":2.3434343434,"9":2.6363636364,"10":2.9292929293,"11":3.2222222222,"12":3.5151515152,"13":3.8080808081,"14":4.101010101,"15":4.3939393939,"16":4.6868686869,"17":4.9797979798,"18":5.2727272727,"19":5.5656565657,"20":5.8585858586,"21":6.1515151515,"22":6.4444444444,"23":6.7373737374,"24":7.0303030303,"25":7.3232323232,"26":7.6161616162,"27":7.9090909091,"28":8.202020202,"29":8.4949494949,"30":8.7878787879,"31":9.0808080808,"32":9.3737373737,"33":9.6666666667,"34":9.9595959596,"35":10.2525252525,"36":10.5454545455,"37":10.8383838384,"38":11.1313131313,"39":11.4242424242,"40":11.7171717172,"41":12.0101010101,"42":12.303030303,"43":12.595959596,"44":12.8888888889,"45":13.1818181818,"46":13.4747474747,"47":13.7676767677,"48":14.0606060606,"49":14.3535353535,"50":14.6464646465,"51":14.9393939394,"52":15.2323232323,"53":15.5252525253,"54":15.8181818182,"55":16.1111111111,"56":16.404040404,"57":16.696969697,"58":16.9898989899,"59":17.2828282828,"60":17.5757575758,"61":17.8686868687,"62":18.1616161616,"63":18.4545454545,"64":18.7474747475,"65":19.0404040404,"66":19.3333333333,"67":19.6262626263,"68":19.9191919192,"69":20.2121212121,"70":20.5050505051,"71":20.797979798,"72":21.0909090909,"73":21.3838383838,"74":21.6767676768,"75":21.9696969697,"76":22.2626262626,"77":22.5555555556,"78":22.8484848485,"79":23.1414141414,"80":23.4343434343,"81":23.7272727273,"82":24.0202020202,"83":24.3131313131,"84":24.6060606061,"85":24.898989899,"86":25.1919191919,"87":25.4848484848,"88":25.7777777778,"89":26.0707070707,"90":26.3636363636,"91":26.6565656566,"92":26.9494949495,"93":27.2424242424,"94":27.5353535354,"95":27.8282828283,"96":28.1212121212,"97":28.4141414141,"98":28.7070707071,"99":29.0},"parallel forces":{"0":0.0,"1":0.0,"2":0.0,"3":0.0,"4":0.0,"5":0.0,"6":0.0,"7":0.0,"8":0.0,"9":0.0,"10":0.0,"11":0.0,"12":0.0,"13":0.0,"14":0.0,"15":0.0,"16":0.0,"17":0.0,"18":0.0,"19":0.0,"20":0.0,"21":0.0,"22":0.0,"23":0.0,"24":0.0,"25":0.0,"26":0.0,"27":60.0504457199,"28":38.1044297027,"29":23.3308826658,"30":13.7573612678,"31":7.7806984301,"32":4.0174808569,"33":1.8235547032,"34":0.6167963251,"35":0.1856432328,"36":0.2092401826,"37":0.3178869734,"38":0.2740078945,"39":0.1061008422,"40":-0.0416700529,"41":-0.1535108449,"42":-0.2199929684,"43":-0.2706249454,"44":-0.264089871,"45":-0.2939036352,"46":-0.2698547075,"47":-0.2723453261,"48":-0.247815523,"49":-0.2696773952,"50":-0.2740833559,"51":-0.2520823434,"52":-0.2327542808,"53":-0.2118319242,"54":-0.2041519938,"55":-0.1611548713,"56":-0.1710113794,"57":-0.1505598297,"58":-0.1291267289,"59":-0.1110952672,"60":-0.097775592,"61":-0.0669769007,"62":-0.0490229118,"63":-0.031837789,"64":-0.0158221685,"65":-0.0238657332,"66":0.001046152,"67":0.0218202213,"68":0.0330922293,"69":0.0558648931,"70":0.0439633926,"71":0.0584106192,"72":0.0622042832,"73":0.0578331293,"74":0.0579581582,"75":0.0486507185,"76":0.0560816521,"77":0.0355237368,"78":0.0415551845,"79":0.0683645313,"80":0.0139678587,"81":0.0153715381,"82":0.0279433457,"83":0.0337303602,"84":0.0240809576,"85":0.0572251525,"86":0.1718208089,"87":0.0,"88":0.0,"89":0.0,"90":0.0,"91":0.0,"92":0.0,"93":0.0,"94":0.0,"95":0.0,"96":0.0,"97":0.0,"98":0.0,"99":0.0},"transverse forces":{"0":0.0,"1":0.0,"2":0.0,"3":0.0,"4":0.0,"5":0.0,"6":0.0,"7":0.0,"8":0.0,"9":0.0,"10":0.0,"11":0.0,"12":0.0,"13":0.0,"14":0.0,"15":0.0,"16":0.0,"17":0.0,"18":0.0,"19":0.0,"20":0.0,"21":0.0,"22":0.0,"23":0.0,"24":0.0,"25":0.0,"26":0.0,"27":0.3507067816,"28":0.1174988611,"29":-0.0763609828,"30":0.0320965264,"31":-0.0018727285,"32":-0.0260307211,"33":-0.0028009862,"34":0.0126725148,"35":0.0072586908,"36":-0.0088340299,"37":-0.0050789545,"38":-0.0059212377,"39":0.0002227385,"40":-0.0075671365,"41":-0.0257786717,"42":0.0001643945,"43":0.0080206356,"44":0.0078022704,"45":0.0049242362,"46":0.0070351993,"47":-0.0008777409,"48":0.0008569672,"49":-0.0095432298,"50":0.0237823386,"51":-0.0097039062,"52":-0.0020850387,"53":0.0099951935,"54":0.014773692,"55":-0.0014521918,"56":0.0025563975,"57":-0.0031118104,"58":0.0012103448,"59":-0.0070900162,"60":0.0020017765,"61":-0.0174329939,"62":-0.0040644253,"63":0.007728107,"64":-0.0098426555,"65":0.0008706778,"66":0.0080044077,"67":0.0159178207,"68":0.0104322014,"69":-0.0096067865,"70":-0.0306206836,"71":0.0200509864,"72":0.0016208187,"73":-0.027065598,"74":-0.010285704,"75":0.0055120724,"76":0.0119390827,"77":-0.0276215831,"78":0.0162688721,"79":-0.0302690538,"80":0.0219701485,"81":0.0927379287,"82":-0.009966237,"83":0.017406647,"84":0.064346917,"85":-0.0106865256,"86":-0.3463768262,"87":0.0,"88":0.0,"89":0.0,"90":0.0,"91":0.0,"92":0.0,"93":0.0,"94":0.0,"95":0.0,"96":0.0,"97":0.0,"98":0.0,"99":0.0}}