{"bins":{"0":0.0,"1":0.2929292929,"2":0.5858585859,"3":0.8787878788,"4":1.1717171717,"5":1.4646464646,"6":1.7575757576,"7":2.0505050505,"8":2.3434343434,"9":2.6363636364,"10":2.9292929293,"11":3.2222222222,"12":3.5151515152,"13":3.8080808081,"14":4.101010101,"15":4.3939393939,"16":4.6868686869,"17":4.9797979798,"18":5.2727272727,"19":5.5656565657,"20":5.8585858586,"21":6.1515151515,"22":6.4444444444,"23":6.7373737374,"24":7.0303030303,"25":7.3232323232,"26":7.6161616162,"27":7.9090909091,"28":8.202020202,"29":8.4949494949,"30":8.7878787879,"31":9.0808080808,"32":9.3737373737,"33":9.6666666667,"34":9.9595959596,"35":10.2525252525,"36":10.5454545455,"37":10.8383838384,"38":11.1313131313,"39":11.4242424242,"40":11.7171717172,"41":12.0101010101,"42":12.303030303,"43":12.595959596,"44":12.8888888889,"45":13.1818181818,"46":13.4747474747,"47":13.7676767677,"48":14.0606060606,"49":14.3535353535,"50":14.6464646465,"51":14.9393939394,"52":15.2323232323,"53":15.5252525253,"54":15.8181818182,"55":16.1111111111,"56":16.404040404,"57":16.696969697,"58":16.9898989899,"59":17.2828282828,"60":17.5757575758,"61":17.8686868687,"62":18.1616161616,"63":18.4545454545,"64":18.7474747475,"65":19.0404040404,"66":19.3333333333,"67":19.6262626263,"68":19.9191919192,"69":20.2121212121,"70":20.5050505051,"71":20.797979798,"72":21.0909090909,"73":21.3838383838,"74":21.6767676768,"75":21.9696969697,"76":22.2626262626,"77":22.5555555556,"78":22.8484848485,"79":23.1414141414,"80":23.4343434343,"81":23.7272727273,"82":24.0202020202,"83":24.3131313131,"84":24.6060606061,"85":24.898989899,"86":25.1919191919,"87":25.4848484848,"88":25.7777777778,"89":26.0707070707,"90":26.3636363636,"91":26.6565656566,"92":26.9494949495,"93":27.2424242424,"94":27.5353535354,"95":27.8282828283,"96":28.1212121212,"97":28.4141414141,"98":28.7070707071,"99":29.0},"parallel forces":{"0":0.0,"1":0.0,"2":0.0,"3":0.0,"4":0.0,"5":0.0,"6":0.0,"7":0.0,"8":0.0,"9":0.0,"10":0.0,"11":0.0,"12":0.0,"13":0.0,"14":0.0,"15":0.0,"16":0.0,"17":0.0,"18":0.0,"19":0.0,"20":0.0,"21":0.0,"22":0.0,"23":0.0,"24":0.0,"25":0.0,"26":0.0,"27":74.2203458514,"28":37.612709138,"29":23.272356906,"30":13.8099528769,"31":7.7948288546,"32":4.030677381,"33":1.8036637437,"34":0.6177029919,"35":0.1509620588,"36":0.1790967615,"37":0.3297491938,"38":0.2674251389,"39":0.1303763857,"40":-0.0378366167,"41":-0.1498679463,"42":-0.2385348924,"43":-0.2743633105,"44":-0.2649012848,"45":-0.2692146011,"46":-0.2793056651,"47":-0.2603582485,"48":-0.2649769322,"49":-0.2631746288,"50":-0.2547078274,"51":-0.2445714882,"52":-0.2262575005,"53":-0.2111860239,"54":-0.2066097758,"55":-0.1904938327,"56":-0.1691616659,"57":-0.1390051164,"58":-0.1413265787,"59":-0.1295867257,"60":-0.0884618273,"61":-0.0828326391,"62":-0.0472724923,"63":-0.0477363597,"64":-0.0035845938,"65":0.021774763,"66":0.00597798,"67":0.007969,"68":0.0037212852,"69":0.0419624366,"70":0.0265441623,"71":0.0504514014,"72":0.0441503357,"73":0.0031679187,"74":0.0557343094,"75":0.0310957872,"76":-0.0107469483,"77":0.0111050627,"78":0.025712303,"79":-0.0074444326,"80":0.0506357409,"81":0.0489252854,"82":-0.0147154288,"83":-0.023566765,"84":-0.0619301917,"85":0.0474358073,"86":-0.2486395562,"87":0.0,"88":0.0,"89":0.0,"90":0.0,"91":0.0,"92":0.0,"93":0.0,"94":0.0,"95":0.0,"96":0.0,"97":0.0,"98":0.0,"99":0.0},"transverse forces":{"0":0.0,"1":0.0,"2":0.0,"3":0.0,"4":0.0,"5":0.0,"6":0.0,"7":0.0,"8":0.0,"9":0.0,"10":0.0,"11":0.0,"12":0.0,"13":0.0,"14":0.0,"15":0.0,"16":0.0,"17":0.0,"18":0.0,"19":0.0,"20":0.0,"21":0.0,"22":0.0,"23":0.0,"24":0.0,"25":0.0,"26":0.0,"27":-0.2520976885,"28":-0.5429576005,"29":0.0149233178,"30":0.015773262,"31":-0.0052116159,"32":-0.0131709865,"33":0.0134860859,"34":-0.0035783345,"35":-0.0018319454,"36":0.0283775196,"37":-0.0024872672,"38":-0.0078135803,"39":-0.0072012219,"40":-0.0002619629,"41":0.0045652998,"42":-0.005289985,"43":0.0173308479,"44":-0.0252083025,"45":-0.0020756855,"46":-0.0113377088,"47":0.0130995731,"48":-0.009313933,"49":0.0119264252,"50":-0.0071048035,"51":-0.00617266,"52":-0.0114249057,"53":0.0077971147,"54":0.0114359109,"55":0.0101367307,"56":-0.0079724927,"57":0.011694985,"58":-0.0066965034,"59":-0.0082259246,"60":0.0126672629,"61":-0.0196407164,"62":-0.0042445799,"63":0.0050328954,"64":0.0019325992,"65":-0.0253796025,"66":0.0220915933,"67":0.0120377322,"68":-0.0163953499,"69":-0.0069939916,"70":0.008498065,"71":0.0324495348,"72":-0.0098856511,"73":-0.014591857,"74":-0.0023973965,"75":0.007995611,"76":-0.0063005797,"77":-0.0099766818,"78":0.0164815324,"79":0.047966742,"80":0.0009824824,"81":-0.0048224385,"82":-0.0068318966,"83":0.0293278731,"84":0.0102916073,"85":-0.0694875451,"86":-0.8516153788,"87":0.0,"88":0.0,"89":0.0,"90":0.0,"91":0.0,"92":0.0,"93":0.0,"94":0.0,"95":0.0,"96":0.0,"97":0.0,"98":0.0,"99":0.0}}