{"bins":{"0":0.0,"1":0.2929292929,"2":0.5858585859,"3":0.8787878788,"4":1.1717171717,"5":1.4646464646,"6":1.7575757576,"7":2.0505050505,"8":2.3434343434,"9":2.6363636364,"10":2.9292929293,"11":3.2222222222,"12":3.5151515152,"13":3.8080808081,"14":4.101010101,"15":4.3939393939,"16":4.6868686869,"17":4.9797979798,"18":5.2727272727,"19":5.5656565657,"20":5.8585858586,"21":6.1515151515,"22":6.4444444444,"23":6.7373737374,"24":7.0303030303,"25":7.3232323232,"26":7.6161616162,"27":7.9090909091,"28":8.202020202,"29":8.4949494949,"30":8.7878787879,"31":9.0808080808,"32":9.3737373737,"33":9.6666666667,"34":9.9595959596,"35":10.2525252525,"36":10.5454545455,"37":10.8383838384,"38":11.1313131313,"39":11.4242424242,"40":11.7171717172,"41":12.0101010101,"42":12.303030303,"43":12.595959596,"44":12.8888888889,"45":13.1818181818,"46":13.4747474747,"47":13.7676767677,"48":14.0606060606,"49":14.3535353535,"50":14.6464646465,"51":14.9393939394,"52":15.2323232323,"53":15.5252525253,"54":15.8181818182,"55":16.1111111111,"56":16.404040404,"57":16.696969697,"58":16.9898989899,"59":17.2828282828,"60":17.5757575758,"61":17.8686868687,"62":18.1616161616,"63":18.4545454545,"64":18.7474747475,"65":19.0404040404,"66":19.3333333333,"67":19.6262626263,"68":19.9191919192,"69":20.2121212121,"70":20.5050505051,"71":20.797979798,"72":21.0909090909,"73":21.3838383838,"74":21.6767676768,"75":21.9696969697,"76":22.2626262626,"77":22.5555555556,"78":22.8484848485,"79":23.1414141414,"80":23.4343434343,"81":23.7272727273,"82":24.0202020202,"83":24.3131313131,"84":24.6060606061,"85":24.898989899,"86":25.1919191919,"87":25.4848484848,"88":25.7777777778,"89":26.0707070707,"90":26.3636363636,"91":26.6565656566,"92":26.9494949495,"93":27.2424242424,"94":27.5353535354,"95":27.8282828283,"96":28.1212121212,"97":28.4141414141,"98":28.7070707071,"99":29.0},"parallel forces":{"0":0.0,"1":0.0,"2":0.0,"3":0.0,"4":0.0,"5":0.0,"6":0.0,"7":0.0,"8":0.0,"9":0.0,"10":0.0,"11":0.0,"12":0.0,"13":0.0,"14":0.0,"15":0.0,"16":0.0,"17":0.0,"18":0.0,"19":0.0,"20":0.0,"21":0.0,"22":0.0,"23":0.0,"24":0.0,"25":0.0,"26":0.0,"27":0.0,"28":37.3961388151,"29":23.2087762388,"30":13.7688879994,"31":7.7642442169,"32":4.0503578778,"33":1.8198011125,"34":0.621812513,"35":0.1726219478,"36":0.2114656052,"37":0.353887257,"38":0.2779496907,"39":0.106419627,"40":-0.0496290131,"41":-0.1602598479,"42":-0.2194266852,"43":-0.2705368535,"44":-0.268937189,"45":-0.2810803894,"46":-0.288790587,"47":-0.2769730448,"48":-0.2745778436,"49":-0.266593187,"50":-0.2487292751,"51":-0.2510938752,"52":-0.2301503553,"53":-0.2198055865,"54":-0.2216894085,"55":-0.1815375944,"56":-0.158181703,"57":-0.1550677733,"58":-0.1401455811,"59":-0.1057191941,"60":-0.0851138136,"61":-0.0602656204,"62":-0.0625676073,"63":-0.0211745078,"64":-0.021152628,"65":0.0041121921,"66":0.0054239728,"67":0.0274895178,"68":0.0446427165,"69":0.0700283364,"70":0.0539128648,"71":0.0622667502,"72":0.0569561678,"73":0.0479037221,"74":0.00606847,"75":0.0530646487,"76":0.0452153603,"77":-0.0013013909,"78":0.0094757303,"79":0.0068425534,"80":0.081436285,"81":0.0478543551,"82":0.0646243237,"83":0.0225293108,"84":0.0540282872,"85":-0.0207503658,"86":-0.5962792147,"87":0.0,"88":0.0,"89":0.0,"90":0.0,"91":0.0,"92":0.0,"93":0.0,"94":0.0,"95":0.0,"96":0.0,"97":0.0,"98":0.0,"99":0.0},"transverse forces":{"0":0.0,"1":0.0,"2":0.0,"3":0.0,"4":0.0,"5":0.0,"6":0.0,"7":0.0,"8":0.0,"9":0.0,"10":0.0,"11":0.0,"12":0.0,"13":0.0,"14":0.0,"15":0.0,"16":0.0,"17":0.0,"18":0.0,"19":0.0,"20":0.0,"21":0.0,"22":0.0,"23":0.0,"24":0.0,"25":0.0,"26":0.0,"27":0.0,"28":0.0481177011,"29":0.0730965068,"30":-0.0132265563,"31":-0.0078405624,"32":-0.0084399771,"33":0.0043971332,"34":0.0048697579,"35":0.0022193016,"36":0.0244306386,"37":0.0108281939,"38":0.0048100292,"39":0.0086374118,"40":-0.0053520236,"41":0.0058881343,"42":-0.0046999121,"43":0.0028608672,"44":-0.0080392111,"45":0.0005374104,"46":-0.0110663868,"47":-0.011301354,"48":-0.0129237861,"49":-0.0136938634,"50":0.0020178091,"51":0.0098178687,"52":-0.0079638452,"53":0.0054002493,"54":0.0028276705,"55":-0.0173878087,"56":-0.0032987202,"57":0.0147474305,"58":0.0193678561,"59":0.0030534885,"60":-0.0117789036,"61":0.0069321565,"62":0.0065785897,"63":-0.01029045,"64":0.0071268919,"65":0.0006244719,"66":0.0070916309,"67":-0.0239128917,"68":-0.0004566851,"69":-0.0069787141,"70":-0.001029703,"71":-0.0192226688,"72":-0.0208983022,"73":-0.0175264409,"74":-0.0167647004,"75":0.0111001665,"76":-0.006396179,"77":0.0098372053,"78":0.0096163374,"79":0.0557010958,"80":-0.0037828537,"81":-0.015816781,"82":-0.0345485566,"83":-0.0070253189,"84":-0.0241937336,"85":0.0075935705,"86":-0.3556306695,"87":0.0,"88":0.0,"89":0.0,"90":0.0,"91":0.0,"92":0.0,"93":0.0,"94":0.0,"95":0.0,"96":0.0,"97":0.0,"98":0.0,"99":0.0}}