{"bins":{"0":0.0,"1":0.2929292929,"2":0.5858585859,"3":0.8787878788,"4":1.1717171717,"5":1.4646464646,"6":1.7575757576,"7":2.0505050505,"8":2.3434343434,"9":2.6363636364,"10":2.9292929293,"11":3.2222222222,"12":3.5151515152,"13":3.8080808081,"14":4.101010101,"15":4.3939393939,"16":4.6868686869,"17":4.9797979798,"18":5.2727272727,"19":5.5656565657,"20":5.8585858586,"21":6.1515151515,"22":6.4444444444,"23":6.7373737374,"24":7.0303030303,"25":7.3232323232,"26":7.6161616162,"27":7.9090909091,"28":8.202020202,"29":8.4949494949,"30":8.7878787879,"31":9.0808080808,"32":9.3737373737,"33":9.6666666667,"34":9.9595959596,"35":10.2525252525,"36":10.5454545455,"37":10.8383838384,"38":11.1313131313,"39":11.4242424242,"40":11.7171717172,"41":12.0101010101,"42":12.303030303,"43":12.595959596,"44":12.8888888889,"45":13.1818181818,"46":13.4747474747,"47":13.7676767677,"48":14.0606060606,"49":14.3535353535,"50":14.6464646465,"51":14.9393939394,"52":15.2323232323,"53":15.5252525253,"54":15.8181818182,"55":16.1111111111,"56":16.404040404,"57":16.696969697,"58":16.9898989899,"59":17.2828282828,"60":17.5757575758,"61":17.8686868687,"62":18.1616161616,"63":18.4545454545,"64":18.7474747475,"65":19.0404040404,"66":19.3333333333,"67":19.6262626263,"68":19.9191919192,"69":20.2121212121,"70":20.5050505051,"71":20.797979798,"72":21.0909090909,"73":21.3838383838,"74":21.6767676768,"75":21.9696969697,"76":22.2626262626,"77":22.5555555556,"78":22.8484848485,"79":23.1414141414,"80":23.4343434343,"81":23.7272727273,"82":24.0202020202,"83":24.3131313131,"84":24.6060606061,"85":24.898989899,"86":25.1919191919,"87":25.4848484848,"88":25.7777777778,"89":26.0707070707,"90":26.3636363636,"91":26.6565656566,"92":26.9494949495,"93":27.2424242424,"94":27.5353535354,"95":27.8282828283,"96":28.1212121212,"97":28.4141414141,"98":28.7070707071,"99":29.0},"parallel forces":{"0":0.0,"1":0.0,"2":0.0,"3":0.0,"4":0.0,"5":0.0,"6":0.0,"7":0.0,"8":0.0,"9":0.0,"10":0.0,"11":0.0,"12":0.0,"13":0.0,"14":0.0,"15":0.0,"16":0.0,"17":0.0,"18":0.0,"19":0.0,"20":0.0,"21":0.0,"22":0.0,"23":0.0,"24":0.0,"25":0.0,"26":0.0,"27":0.0,"28":37.3993353448,"29":23.2694241774,"30":13.7750124771,"31":7.7712810227,"32":4.0227727672,"33":1.8123585035,"34":0.6257905451,"35":0.2056377312,"36":0.2175636469,"37":0.3519186916,"38":0.2791483713,"39":0.1226957141,"40":-0.0524761087,"41":-0.1709478405,"42":-0.2377827631,"43":-0.2840028285,"44":-0.2877925878,"45":-0.2853783928,"46":-0.2851653567,"47":-0.2791019644,"48":-0.2755301281,"49":-0.2695126377,"50":-0.2517105908,"51":-0.2350300141,"52":-0.2523264889,"53":-0.2200160243,"54":-0.191902034,"55":-0.1879166176,"56":-0.1681434619,"57":-0.1546834867,"58":-0.1416779754,"59":-0.1146225084,"60":-0.1018032798,"61":-0.0740308735,"62":-0.0668028785,"63":-0.024073374,"64":0.0141846412,"65":-0.0158848753,"66":0.0099355591,"67":0.0206581095,"68":0.0490187186,"69":0.0521216392,"70":0.0317150102,"71":0.0740331899,"72":0.080907928,"73":0.0942133674,"74":0.059990415,"75":0.0304144151,"76":0.023012191,"77":0.0620820394,"78":0.043677357,"79":0.0377004639,"80":0.0603000439,"81":0.0283612306,"82":0.0255412132,"83":0.032481221,"84":-0.0244896197,"85":0.0487637043,"86":0.2217396447,"87":0.0,"88":0.0,"89":0.0,"90":0.0,"91":0.0,"92":0.0,"93":0.0,"94":0.0,"95":0.0,"96":0.0,"97":0.0,"98":0.0,"99":0.0},"transverse forces":{"0":0.0,"1":0.0,"2":0.0,"3":0.0,"4":0.0,"5":0.0,"6":0.0,"7":0.0,"8":0.0,"9":0.0,"10":0.0,"11":0.0,"12":0.0,"13":0.0,"14":0.0,"15":0.0,"16":0.0,"17":0.0,"18":0.0,"19":0.0,"20":0.0,"21":0.0,"22":0.0,"23":0.0,"24":0.0,"25":0.0,"26":0.0,"27":0.0,"28":0.6723368525,"29":0.0740589208,"30":-0.0210967385,"31":-0.0127283149,"32":-0.0075217162,"33":-0.0095785667,"34":0.0145597999,"35":0.0088353332,"36":0.0097346994,"37":0.0082140047,"38":-0.0014690005,"39":-0.0111461874,"40":-0.0031396415,"41":-0.0168698675,"42":-0.0092946386,"43":-0.0023314174,"44":-0.0045333629,"45":0.0085032019,"46":0.0070041293,"47":0.0130913419,"48":0.0007480025,"49":-0.011842036,"50":-0.0014948705,"51":-0.0019038778,"52":0.0068668271,"53":-0.0062903997,"54":0.0047700935,"55":0.0058021433,"56":-0.0095398419,"57":0.0057405074,"58":-0.0186643936,"59":-0.000926579,"60":-0.0040315899,"61":0.0146248485,"62":-0.0026589993,"63":-0.0043045517,"64":-0.0116339406,"65":0.0155370511,"66":-0.012980145,"67":0.0057028512,"68":-0.0039011497,"69":0.0094331833,"70":0.0059266121,"71":0.0039637011,"72":-0.0085494165,"73":-0.0096851422,"74":-0.0042975071,"75":-0.0002539591,"76":0.0004393495,"77":0.0140091625,"78":-0.0149411725,"79":-0.0351657926,"80":-0.0098860716,"81":-0.0449040097,"82":0.0268106724,"83":-0.0163555366,"84":0.0116016654,"85":0.0320999117,"86":0.5187647887,"87":0.0,"88":0.0,"89":0.0,"90":0.0,"91":0.0,"92":0.0,"93":0.0,"94":0.0,"95":0.0,"96":0.0,"97":0.0,"98":0.0,"99":0.0}}