{"bins":{"0":0.0,"1":0.2929292929,"2":0.5858585859,"3":0.8787878788,"4":1.1717171717,"5":1.4646464646,"6":1.7575757576,"7":2.0505050505,"8":2.3434343434,"9":2.6363636364,"10":2.9292929293,"11":3.2222222222,"12":3.5151515152,"13":3.8080808081,"14":4.101010101,"15":4.3939393939,"16":4.6868686869,"17":4.9797979798,"18":5.2727272727,"19":5.5656565657,"20":5.8585858586,"21":6.1515151515,"22":6.4444444444,"23":6.7373737374,"24":7.0303030303,"25":7.3232323232,"26":7.6161616162,"27":7.9090909091,"28":8.202020202,"29":8.4949494949,"30":8.7878787879,"31":9.0808080808,"32":9.3737373737,"33":9.6666666667,"34":9.9595959596,"35":10.2525252525,"36":10.5454545455,"37":10.8383838384,"38":11.1313131313,"39":11.4242424242,"40":11.7171717172,"41":12.0101010101,"42":12.303030303,"43":12.595959596,"44":12.8888888889,"45":13.1818181818,"46":13.4747474747,"47":13.7676767677,"48":14.0606060606,"49":14.3535353535,"50":14.6464646465,"51":14.9393939394,"52":15.2323232323,"53":15.5252525253,"54":15.8181818182,"55":16.1111111111,"56":16.404040404,"57":16.696969697,"58":16.9898989899,"59":17.2828282828,"60":17.5757575758,"61":17.8686868687,"62":18.1616161616,"63":18.4545454545,"64":18.7474747475,"65":19.0404040404,"66":19.3333333333,"67":19.6262626263,"68":19.9191919192,"69":20.2121212121,"70":20.5050505051,"71":20.797979798,"72":21.0909090909,"73":21.3838383838,"74":21.6767676768,"75":21.9696969697,"76":22.2626262626,"77":22.5555555556,"78":22.8484848485,"79":23.1414141414,"80":23.4343434343,"81":23.7272727273,"82":24.0202020202,"83":24.3131313131,"84":24.6060606061,"85":24.898989899,"86":25.1919191919,"87":25.4848484848,"88":25.7777777778,"89":26.0707070707,"90":26.3636363636,"91":26.6565656566,"92":26.9494949495,"93":27.2424242424,"94":27.5353535354,"95":27.8282828283,"96":28.1212121212,"97":28.4141414141,"98":28.7070707071,"99":29.0},"parallel forces":{"0":0.0,"1":0.0,"2":0.0,"3":0.0,"4":0.0,"5":0.0,"6":0.0,"7":0.0,"8":0.0,"9":0.0,"10":0.0,"11":0.0,"12":0.0,"13":0.0,"14":0.0,"15":0.0,"16":0.0,"17":0.0,"18":0.0,"19":0.0,"20":0.0,"21":0.0,"22":0.0,"23":0.0,"24":0.0,"25":0.0,"26":0.0,"27":0.0,"28":37.8408696967,"29":23.1263450884,"30":13.8490341679,"31":7.793347974,"32":4.046588035,"33":1.8210745226,"34":0.6335447906,"35":0.1664177845,"36":0.1896042884,"37":0.3310454095,"38":0.2491316546,"39":0.0975071596,"40":-0.068640631,"41":-0.154812465,"42":-0.2214059322,"43":-0.2578965769,"44":-0.2783048235,"45":-0.2730633608,"46":-0.2758985403,"47":-0.2776122897,"48":-0.2636362834,"49":-0.2537527347,"50":-0.2479963427,"51":-0.2279910118,"52":-0.2227761424,"53":-0.2195009448,"54":-0.2132461609,"55":-0.1815757286,"56":-0.1795284993,"57":-0.1659795902,"58":-0.1369217731,"59":-0.1058977363,"60":-0.0766559874,"61":-0.0599619988,"62":-0.0497696079,"63":-0.0267325907,"64":0.0001400204,"65":-0.0093501053,"66":0.0173292225,"67":0.0395368476,"68":0.0224028037,"69":0.0477827768,"70":0.0630644019,"71":0.0391130382,"72":0.046362439,"73":0.0143677328,"74":0.0341028345,"75":0.033274019,"76":0.046810276,"77":0.0429029751,"78":0.0108472303,"79":0.0078958431,"80":-0.0015573989,"81":0.0389876968,"82":0.0431815954,"83":-0.0280006889,"84":-0.0379921839,"85":0.0703488176,"86":-0.2754702451,"87":0.0,"88":0.0,"89":0.0,"90":0.0,"91":0.0,"92":0.0,"93":0.0,"94":0.0,"95":0.0,"96":0.0,"97":0.0,"98":0.0,"99":0.0},"transverse forces":{"0":0.0,"1":0.0,"2":0.0,"3":0.0,"4":0.0,"5":0.0,"6":0.0,"7":0.0,"8":0.0,"9":0.0,"10":0.0,"11":0.0,"12":0.0,"13":0.0,"14":0.0,"15":0.0,"16":0.0,"17":0.0,"18":0.0,"19":0.0,"20":0.0,"21":0.0,"22":0.0,"23":0.0,"24":0.0,"25":0.0,"26":0.0,"27":0.0,"28":0.2158524987,"29":-0.116865592,"30":0.0085863312,"31":-0.0150693408,"32":-0.0032596911,"33":0.0022495678,"34":0.0029203698,"35":0.0059335057,"36":0.0010798107,"37":-0.0067678199,"38":-0.0059107992,"39":0.0151723516,"40":0.0044506036,"41":-0.0050913308,"42":-0.0094662251,"43":-0.005821254,"44":0.0134854798,"45":-0.0067606025,"46":-0.008586241,"47":-0.002448497,"48":0.0085849339,"49":0.0208321468,"50":-0.0051905806,"51":-0.0114966388,"52":0.0197426584,"53":0.0130776682,"54":0.0022074867,"55":-0.0074074136,"56":0.0071433591,"57":-0.0021331123,"58":-0.0290409331,"59":-0.0112804785,"60":-0.0093658414,"61":0.0046784692,"62":-0.0080880797,"63":-0.0135774638,"64":-0.0095233321,"65":-0.0003759029,"66":0.0119249658,"67":0.0144271897,"68":0.0072600111,"69":0.0023138015,"70":0.0137825909,"71":-0.0276153091,"72":-0.0237342904,"73":-0.0217784451,"74":0.0195765946,"75":0.0119471402,"76":0.0238537377,"77":0.015630537,"78":0.0307455665,"79":0.0024522621,"80":0.011924414,"81":0.0038245089,"82":-0.0176334918,"83":-0.0857520016,"84":0.1349585381,"85":-0.0717978547,"86":0.0377226943,"87":0.0,"88":0.0,"89":0.0,"90":0.0,"91":0.0,"92":0.0,"93":0.0,"94":0.0,"95":0.0,"96":0.0,"97":0.0,"98":0.0,"99":0.0}}