{"bins":{"0":0.0,"1":0.2929292929,"2":0.5858585859,"3":0.8787878788,"4":1.1717171717,"5":1.4646464646,"6":1.7575757576,"7":2.0505050505,"8":2.3434343434,"9":2.6363636364,"10":2.9292929293,"11":3.2222222222,"12":3.5151515152,"13":3.8080808081,"14":4.101010101,"15":4.3939393939,"16":4.6868686869,"17":4.9797979798,"18":5.2727272727,"19":5.5656565657,"20":5.8585858586,"21":6.1515151515,"22":6.4444444444,"23":6.7373737374,"24":7.0303030303,"25":7.3232323232,"26":7.6161616162,"27":7.9090909091,"28":8.202020202,"29":8.4949494949,"30":8.7878787879,"31":9.0808080808,"32":9.3737373737,"33":9.6666666667,"34":9.9595959596,"35":10.2525252525,"36":10.5454545455,"37":10.8383838384,"38":11.1313131313,"39":11.4242424242,"40":11.7171717172,"41":12.0101010101,"42":12.303030303,"43":12.595959596,"44":12.8888888889,"45":13.1818181818,"46":13.4747474747,"47":13.7676767677,"48":14.0606060606,"49":14.3535353535,"50":14.6464646465,"51":14.9393939394,"52":15.2323232323,"53":15.5252525253,"54":15.8181818182,"55":16.1111111111,"56":16.404040404,"57":16.696969697,"58":16.9898989899,"59":17.2828282828,"60":17.5757575758,"61":17.8686868687,"62":18.1616161616,"63":18.4545454545,"64":18.7474747475,"65":19.0404040404,"66":19.3333333333,"67":19.6262626263,"68":19.9191919192,"69":20.2121212121,"70":20.5050505051,"71":20.797979798,"72":21.0909090909,"73":21.3838383838,"74":21.6767676768,"75":21.9696969697,"76":22.2626262626,"77":22.5555555556,"78":22.8484848485,"79":23.1414141414,"80":23.4343434343,"81":23.7272727273,"82":24.0202020202,"83":24.3131313131,"84":24.6060606061,"85":24.898989899,"86":25.1919191919,"87":25.4848484848,"88":25.7777777778,"89":26.0707070707,"90":26.3636363636,"91":26.6565656566,"92":26.9494949495,"93":27.2424242424,"94":27.5353535354,"95":27.8282828283,"96":28.1212121212,"97":28.4141414141,"98":28.7070707071,"99":29.0},"parallel forces":{"0":0.0,"1":0.0,"2":0.0,"3":0.0,"4":0.0,"5":0.0,"6":0.0,"7":0.0,"8":0.0,"9":0.0,"10":0.0,"11":0.0,"12":0.0,"13":0.0,"14":0.0,"15":0.0,"16":0.0,"17":0.0,"18":0.0,"19":0.0,"20":0.0,"21":0.0,"22":0.0,"23":0.0,"24":0.0,"25":0.0,"26":0.0,"27":53.9556405859,"28":37.6625133496,"29":23.0955990886,"30":13.814116427,"31":7.7668903926,"32":4.0201041988,"33":1.8075651657,"34":0.610136582,"35":0.1661482667,"36":0.2099739447,"37":0.3301226297,"38":0.2574470467,"39":0.0997101746,"40":-0.0672050236,"41":-0.1693339563,"42":-0.2274039577,"43":-0.2681327794,"44":-0.2604478506,"45":-0.2686414889,"46":-0.267774903,"47":-0.2703915867,"48":-0.2969061484,"49":-0.2690724879,"50":-0.2560242987,"51":-0.2295759459,"52":-0.2340689783,"53":-0.2300933208,"54":-0.186640873,"55":-0.1873267985,"56":-0.1796956071,"57":-0.1483266131,"58":-0.1188742594,"59":-0.124610051,"60":-0.0970669572,"61":-0.0999511722,"62":-0.0705767592,"63":-0.0477803242,"64":-0.033654521,"65":-0.0166635539,"66":0.0118994862,"67":0.0184224954,"68":0.0351460531,"69":0.0370561413,"70":0.0398910162,"71":0.0545458128,"72":0.031766462,"73":0.0628833107,"74":0.0435124001,"75":0.0369261396,"76":0.0623706183,"77":0.0354275292,"78":0.0437446281,"79":0.0261187793,"80":0.0782802424,"81":0.0143401004,"82":-0.0161309268,"83":0.0022573711,"84":0.0442013421,"85":-0.0347342797,"86":0.2213941858,"87":0.0,"88":0.0,"89":0.0,"90":0.0,"91":0.0,"92":0.0,"93":0.0,"94":0.0,"95":0.0,"96":0.0,"97":0.0,"98":0.0,"99":0.0},"transverse forces":{"0":0.0,"1":0.0,"2":0.0,"3":0.0,"4":0.0,"5":0.0,"6":0.0,"7":0.0,"8":0.0,"9":0.0,"10":0.0,"11":0.0,"12":0.0,"13":0.0,"14":0.0,"15":0.0,"16":0.0,"17":0.0,"18":0.0,"19":0.0,"20":0.0,"21":0.0,"22":0.0,"23":0.0,"24":0.0,"25":0.0,"26":0.0,"27":-3.9443119358,"28":-0.0534684879,"29":0.1216287073,"30":-0.0298807804,"31":0.0030569589,"32":-0.0067412821,"33":-0.0026169023,"34":0.0027352741,"35":0.0039918657,"36":0.009540048,"37":-0.0044668829,"38":0.0128241374,"39":-0.0070079961,"40":0.013067607,"41":0.0058453844,"42":-0.0082870492,"43":0.0016314724,"44":0.0045898294,"45":-0.0202212783,"46":-0.0146112242,"47":-0.0005216554,"48":0.0183361006,"49":0.0006200158,"50":-0.0035614439,"51":-0.0109351639,"52":0.0149615842,"53":0.000684371,"54":-0.0150860517,"55":-0.0007756542,"56":-0.0195304145,"57":0.0032443046,"58":0.0057168492,"59":0.008518066,"60":0.0053439376,"61":-0.0043446529,"62":0.0012798035,"63":0.0101983223,"64":-0.0064903807,"65":-0.0182689147,"66":-0.0129740712,"67":0.0038107531,"68":-0.0111144535,"69":-0.0027221216,"70":0.050210458,"71":0.0006612705,"72":0.0090296025,"73":-0.007852177,"74":-0.0142744551,"75":-0.0220935227,"76":-0.0564156187,"77":-0.0165687135,"78":0.0037402655,"79":0.0098942502,"80":0.0372846957,"81":0.0348872218,"82":0.0695045972,"83":0.028046566,"84":0.0230169675,"85":0.1175551489,"86":0.1327811351,"87":0.0,"88":0.0,"89":0.0,"90":0.0,"91":0.0,"92":0.0,"93":0.0,"94":0.0,"95":0.0,"96":0.0,"97":0.0,"98":0.0,"99":0.0}}