{"bins":{"0":0.0,"1":0.2929292929,"2":0.5858585859,"3":0.8787878788,"4":1.1717171717,"5":1.4646464646,"6":1.7575757576,"7":2.0505050505,"8":2.3434343434,"9":2.6363636364,"10":2.9292929293,"11":3.2222222222,"12":3.5151515152,"13":3.8080808081,"14":4.101010101,"15":4.3939393939,"16":4.6868686869,"17":4.9797979798,"18":5.2727272727,"19":5.5656565657,"20":5.8585858586,"21":6.1515151515,"22":6.4444444444,"23":6.7373737374,"24":7.0303030303,"25":7.3232323232,"26":7.6161616162,"27":7.9090909091,"28":8.202020202,"29":8.4949494949,"30":8.7878787879,"31":9.0808080808,"32":9.3737373737,"33":9.6666666667,"34":9.9595959596,"35":10.2525252525,"36":10.5454545455,"37":10.8383838384,"38":11.1313131313,"39":11.4242424242,"40":11.7171717172,"41":12.0101010101,"42":12.303030303,"43":12.595959596,"44":12.8888888889,"45":13.1818181818,"46":13.4747474747,"47":13.7676767677,"48":14.0606060606,"49":14.3535353535,"50":14.6464646465,"51":14.9393939394,"52":15.2323232323,"53":15.5252525253,"54":15.8181818182,"55":16.1111111111,"56":16.404040404,"57":16.696969697,"58":16.9898989899,"59":17.2828282828,"60":17.5757575758,"61":17.8686868687,"62":18.1616161616,"63":18.4545454545,"64":18.7474747475,"65":19.0404040404,"66":19.3333333333,"67":19.6262626263,"68":19.9191919192,"69":20.2121212121,"70":20.5050505051,"71":20.797979798,"72":21.0909090909,"73":21.3838383838,"74":21.6767676768,"75":21.9696969697,"76":22.2626262626,"77":22.5555555556,"78":22.8484848485,"79":23.1414141414,"80":23.4343434343,"81":23.7272727273,"82":24.0202020202,"83":24.3131313131,"84":24.6060606061,"85":24.898989899,"86":25.1919191919,"87":25.4848484848,"88":25.7777777778,"89":26.0707070707,"90":26.3636363636,"91":26.6565656566,"92":26.9494949495,"93":27.2424242424,"94":27.5353535354,"95":27.8282828283,"96":28.1212121212,"97":28.4141414141,"98":28.7070707071,"99":29.0},"parallel forces":{"0":0.0,"1":0.0,"2":0.0,"3":0.0,"4":0.0,"5":0.0,"6":0.0,"7":0.0,"8":0.0,"9":0.0,"10":0.0,"11":0.0,"12":0.0,"13":0.0,"14":0.0,"15":0.0,"16":0.0,"17":0.0,"18":0.0,"19":0.0,"20":0.0,"21":0.0,"22":0.0,"23":0.0,"24":0.0,"25":0.0,"26":0.0,"27":69.5782537333,"28":37.7955629587,"29":23.243405837,"30":13.7466373761,"31":7.7890755189,"32":4.0595547271,"33":1.8204755294,"34":0.629809246,"35":0.1631826211,"36":0.1963254691,"37":0.3068725805,"38":0.2434861989,"39":0.1015957676,"40":-0.0508499501,"41":-0.1475900163,"42":-0.2342605506,"43":-0.2610034976,"44":-0.263509822,"45":-0.2714746506,"46":-0.269102533,"47":-0.2692268887,"48":-0.2720387357,"49":-0.2751439124,"50":-0.2444103811,"51":-0.2381586517,"52":-0.2171475554,"53":-0.2016862445,"54":-0.1929689383,"55":-0.1894328431,"56":-0.171100029,"57":-0.1715225783,"58":-0.1286489185,"59":-0.1204517521,"60":-0.0958561934,"61":-0.0685417936,"62":-0.0663235575,"63":-0.0443290017,"64":-0.0400208913,"65":0.0196217853,"66":0.0081134223,"67":0.0273243021,"68":0.0365468022,"69":0.0524242084,"70":0.0503497174,"71":0.0725508369,"72":0.0478377207,"73":0.054828454,"74":0.0459902063,"75":0.0646670535,"76":0.0631517997,"77":0.0480432932,"78":0.0248195347,"79":0.0530785838,"80":0.0608491686,"81":0.0425412818,"82":0.0782661478,"83":-0.0057135425,"84":-0.0460872993,"85":-0.1585498857,"86":-0.2963858782,"87":0.0,"88":0.0,"89":0.0,"90":0.0,"91":0.0,"92":0.0,"93":0.0,"94":0.0,"95":0.0,"96":0.0,"97":0.0,"98":0.0,"99":0.0},"transverse forces":{"0":0.0,"1":0.0,"2":0.0,"3":0.0,"4":0.0,"5":0.0,"6":0.0,"7":0.0,"8":0.0,"9":0.0,"10":0.0,"11":0.0,"12":0.0,"13":0.0,"14":0.0,"15":0.0,"16":0.0,"17":0.0,"18":0.0,"19":0.0,"20":0.0,"21":0.0,"22":0.0,"23":0.0,"24":0.0,"25":0.0,"26":0.0,"27":-2.942755382,"28":-0.1625405082,"29":0.0722338738,"30":0.0213418559,"31":0.0275491211,"32":0.000567113,"33":-0.0047675884,"34":0.0034056773,"35":0.001637043,"36":0.0037763281,"37":0.0137202025,"38":0.0159965092,"39":-0.0100860582,"40":-0.004389185,"41":-0.0037475755,"42":-0.0187777749,"43":-0.0019449197,"44":0.0017407258,"45":0.0167307782,"46":0.0075332047,"47":0.0016190402,"48":-0.0077357862,"49":-0.0172346355,"50":-0.0153813604,"51":-0.0004598067,"52":0.022570172,"53":-0.0026006077,"54":0.0196836441,"55":-0.0040506592,"56":-0.0099704868,"57":0.002218289,"58":0.0054420889,"59":0.0055794291,"60":0.0080801751,"61":0.0123270241,"62":-0.0059133856,"63":-0.0098501245,"64":0.0134097783,"65":0.0156055317,"66":0.0085379203,"67":-0.006706416,"68":0.0070198007,"69":0.0247678477,"70":0.0082175238,"71":-0.0206306673,"72":-0.0082959837,"73":-0.0125577112,"74":-0.0270736452,"75":0.0118765599,"76":-0.023930327,"77":-0.0195680245,"78":0.0039079341,"79":0.0040704124,"80":-0.0182093372,"81":-0.0012158324,"82":-0.058920176,"83":0.0254461045,"84":0.0858802496,"85":0.0458608595,"86":0.0250834576,"87":0.0,"88":0.0,"89":0.0,"90":0.0,"91":0.0,"92":0.0,"93":0.0,"94":0.0,"95":0.0,"96":0.0,"97":0.0,"98":0.0,"99":0.0}}