{"bins":{"0":0.0,"1":0.2929292929,"2":0.5858585859,"3":0.8787878788,"4":1.1717171717,"5":1.4646464646,"6":1.7575757576,"7":2.0505050505,"8":2.3434343434,"9":2.6363636364,"10":2.9292929293,"11":3.2222222222,"12":3.5151515152,"13":3.8080808081,"14":4.101010101,"15":4.3939393939,"16":4.6868686869,"17":4.9797979798,"18":5.2727272727,"19":5.5656565657,"20":5.8585858586,"21":6.1515151515,"22":6.4444444444,"23":6.7373737374,"24":7.0303030303,"25":7.3232323232,"26":7.6161616162,"27":7.9090909091,"28":8.202020202,"29":8.4949494949,"30":8.7878787879,"31":9.0808080808,"32":9.3737373737,"33":9.6666666667,"34":9.9595959596,"35":10.2525252525,"36":10.5454545455,"37":10.8383838384,"38":11.1313131313,"39":11.4242424242,"40":11.7171717172,"41":12.0101010101,"42":12.303030303,"43":12.595959596,"44":12.8888888889,"45":13.1818181818,"46":13.4747474747,"47":13.7676767677,"48":14.0606060606,"49":14.3535353535,"50":14.6464646465,"51":14.9393939394,"52":15.2323232323,"53":15.5252525253,"54":15.8181818182,"55":16.1111111111,"56":16.404040404,"57":16.696969697,"58":16.9898989899,"59":17.2828282828,"60":17.5757575758,"61":17.8686868687,"62":18.1616161616,"63":18.4545454545,"64":18.7474747475,"65":19.0404040404,"66":19.3333333333,"67":19.6262626263,"68":19.9191919192,"69":20.2121212121,"70":20.5050505051,"71":20.797979798,"72":21.0909090909,"73":21.3838383838,"74":21.6767676768,"75":21.9696969697,"76":22.2626262626,"77":22.5555555556,"78":22.8484848485,"79":23.1414141414,"80":23.4343434343,"81":23.7272727273,"82":24.0202020202,"83":24.3131313131,"84":24.6060606061,"85":24.898989899,"86":25.1919191919,"87":25.4848484848,"88":25.7777777778,"89":26.0707070707,"90":26.3636363636,"91":26.6565656566,"92":26.9494949495,"93":27.2424242424,"94":27.5353535354,"95":27.8282828283,"96":28.1212121212,"97":28.4141414141,"98":28.7070707071,"99":29.0},"parallel forces":{"0":0.0,"1":0.0,"2":0.0,"3":0.0,"4":0.0,"5":0.0,"6":0.0,"7":0.0,"8":0.0,"9":0.0,"10":0.0,"11":0.0,"12":0.0,"13":0.0,"14":0.0,"15":0.0,"16":0.0,"17":0.0,"18":0.0,"19":0.0,"20":0.0,"21":0.0,"22":0.0,"23":0.0,"24":0.0,"25":0.0,"26":0.0,"27":0.0,"28":38.7249942464,"29":23.249311686,"30":13.7952994821,"31":7.7571906989,"32":4.0370949903,"33":1.8071065615,"34":0.6419317309,"35":0.1617103215,"36":0.2082490469,"37":0.3308321997,"38":0.2614840348,"39":0.1083974827,"40":-0.0439273017,"41":-0.1591645718,"42":-0.2315207247,"43":-0.256878091,"44":-0.2790098426,"45":-0.3028810765,"46":-0.2917799997,"47":-0.2707755644,"48":-0.2581424476,"49":-0.2719827531,"50":-0.2533065483,"51":-0.2322768475,"52":-0.2123178015,"53":-0.2227683788,"54":-0.2009152928,"55":-0.1780018143,"56":-0.1743607922,"57":-0.1652846036,"58":-0.1518080075,"59":-0.1262764345,"60":-0.0612932549,"61":-0.0662719093,"62":-0.0657141222,"63":-0.0461126283,"64":-0.0219127411,"65":-0.019282272,"66":0.0175712496,"67":0.0513808401,"68":0.0624829807,"69":0.0414874715,"70":0.0347416737,"71":0.053833291,"72":0.0501333816,"73":0.0713168843,"74":0.0495105333,"75":0.0358017093,"76":0.050241343,"77":0.0274467955,"78":0.0424099302,"79":0.1134642737,"80":0.0417468472,"81":-0.0081758132,"82":-0.0005297265,"83":0.0154214658,"84":0.061092531,"85":0.0075934502,"86":0.0949096615,"87":0.0,"88":0.0,"89":0.0,"90":0.0,"91":0.0,"92":0.0,"93":0.0,"94":0.0,"95":0.0,"96":0.0,"97":0.0,"98":0.0,"99":0.0},"transverse forces":{"0":0.0,"1":0.0,"2":0.0,"3":0.0,"4":0.0,"5":0.0,"6":0.0,"7":0.0,"8":0.0,"9":0.0,"10":0.0,"11":0.0,"12":0.0,"13":0.0,"14":0.0,"15":0.0,"16":0.0,"17":0.0,"18":0.0,"19":0.0,"20":0.0,"21":0.0,"22":0.0,"23":0.0,"24":0.0,"25":0.0,"26":0.0,"27":0.0,"28":0.2483847055,"29":0.0322567048,"30":-0.0577643099,"31":-0.0004165058,"32":0.0215470585,"33":-0.0147802928,"34":-0.0084343426,"35":0.011419429,"36":0.0006846099,"37":0.0093060165,"38":-0.0006149914,"39":0.0041744015,"40":-0.0153997651,"41":0.0021863256,"42":0.0036874239,"43":0.0087334704,"44":-0.0067289766,"45":0.0003868248,"46":-0.0078740689,"47":-0.0159929029,"48":0.0010038998,"49":-0.0049358772,"50":0.0105773062,"51":-0.0083473689,"52":0.006141548,"53":0.0007309007,"54":-0.00925549,"55":0.0084920668,"56":0.0093242968,"57":0.0054941037,"58":-0.0180855254,"59":0.0041991288,"60":0.0017745347,"61":0.0090278968,"62":0.0189071687,"63":0.0058378638,"64":-0.0140744749,"65":0.0039000428,"66":0.0077101594,"67":-0.0091467995,"68":-0.0031900173,"69":0.0033688495,"70":-0.014186895,"71":-0.0112028803,"72":0.005885941,"73":-0.0465230106,"74":0.0282427682,"75":-0.005276,"76":0.0058752996,"77":0.0333312276,"78":-0.0240381356,"79":-0.0292000303,"80":-0.0034099541,"81":-0.0228105623,"82":0.0646689168,"83":-0.0459279185,"84":-0.0543880937,"85":-0.0302278882,"86":-0.4301659141,"87":0.0,"88":0.0,"89":0.0,"90":0.0,"91":0.0,"92":0.0,"93":0.0,"94":0.0,"95":0.0,"96":0.0,"97":0.0,"98":0.0,"99":0.0}}