{"bins":{"0":0.0,"1":0.2929292929,"2":0.5858585859,"3":0.8787878788,"4":1.1717171717,"5":1.4646464646,"6":1.7575757576,"7":2.0505050505,"8":2.3434343434,"9":2.6363636364,"10":2.9292929293,"11":3.2222222222,"12":3.5151515152,"13":3.8080808081,"14":4.101010101,"15":4.3939393939,"16":4.6868686869,"17":4.9797979798,"18":5.2727272727,"19":5.5656565657,"20":5.8585858586,"21":6.1515151515,"22":6.4444444444,"23":6.7373737374,"24":7.0303030303,"25":7.3232323232,"26":7.6161616162,"27":7.9090909091,"28":8.202020202,"29":8.4949494949,"30":8.7878787879,"31":9.0808080808,"32":9.3737373737,"33":9.6666666667,"34":9.9595959596,"35":10.2525252525,"36":10.5454545455,"37":10.8383838384,"38":11.1313131313,"39":11.4242424242,"40":11.7171717172,"41":12.0101010101,"42":12.303030303,"43":12.595959596,"44":12.8888888889,"45":13.1818181818,"46":13.4747474747,"47":13.7676767677,"48":14.0606060606,"49":14.3535353535,"50":14.6464646465,"51":14.9393939394,"52":15.2323232323,"53":15.5252525253,"54":15.8181818182,"55":16.1111111111,"56":16.404040404,"57":16.696969697,"58":16.9898989899,"59":17.2828282828,"60":17.5757575758,"61":17.8686868687,"62":18.1616161616,"63":18.4545454545,"64":18.7474747475,"65":19.0404040404,"66":19.3333333333,"67":19.6262626263,"68":19.9191919192,"69":20.2121212121,"70":20.5050505051,"71":20.797979798,"72":21.0909090909,"73":21.3838383838,"74":21.6767676768,"75":21.9696969697,"76":22.2626262626,"77":22.5555555556,"78":22.8484848485,"79":23.1414141414,"80":23.4343434343,"81":23.7272727273,"82":24.0202020202,"83":24.3131313131,"84":24.6060606061,"85":24.898989899,"86":25.1919191919,"87":25.4848484848,"88":25.7777777778,"89":26.0707070707,"90":26.3636363636,"91":26.6565656566,"92":26.9494949495,"93":27.2424242424,"94":27.5353535354,"95":27.8282828283,"96":28.1212121212,"97":28.4141414141,"98":28.7070707071,"99":29.0},"parallel forces":{"0":0.0,"1":0.0,"2":0.0,"3":0.0,"4":0.0,"5":0.0,"6":0.0,"7":0.0,"8":0.0,"9":0.0,"10":0.0,"11":0.0,"12":0.0,"13":0.0,"14":0.0,"15":0.0,"16":0.0,"17":0.0,"18":0.0,"19":0.0,"20":0.0,"21":0.0,"22":0.0,"23":0.0,"24":0.0,"25":0.0,"26":0.0,"27":0.0,"28":37.5273734076,"29":23.1890489968,"30":13.7771065879,"31":7.7622198447,"32":4.0220720739,"33":1.8193834549,"34":0.6453348844,"35":0.169571141,"36":0.2254632487,"37":0.3450750961,"38":0.2818785316,"39":0.1454632693,"40":-0.0471303078,"41":-0.1543389143,"42":-0.2109495871,"43":-0.2617978148,"44":-0.2797854973,"45":-0.2683833174,"46":-0.2913689721,"47":-0.2751366549,"48":-0.2666434247,"49":-0.2721133294,"50":-0.2567414755,"51":-0.2464254366,"52":-0.2366584528,"53":-0.2156049275,"54":-0.2040330822,"55":-0.1761057939,"56":-0.1655909584,"57":-0.1621429522,"58":-0.1498264516,"59":-0.1083060644,"60":-0.0871653874,"61":-0.0821228445,"62":-0.0503759577,"63":-0.0368602814,"64":-0.0309807567,"65":0.0054095418,"66":0.0194333144,"67":0.0218070684,"68":0.0409488461,"69":0.0581146174,"70":0.0522434667,"71":0.0386555269,"72":0.0047952364,"73":0.0312285784,"74":0.0560798745,"75":0.0655868369,"76":0.038038059,"77":0.0754492441,"78":0.0429001972,"79":0.0567506832,"80":0.0148489257,"81":0.0302907545,"82":-0.047074722,"83":0.0123034708,"84":-0.0042032952,"85":0.0227685447,"86":0.1457416229,"87":0.0,"88":0.0,"89":0.0,"90":0.0,"91":0.0,"92":0.0,"93":0.0,"94":0.0,"95":0.0,"96":0.0,"97":0.0,"98":0.0,"99":0.0},"transverse forces":{"0":0.0,"1":0.0,"2":0.0,"3":0.0,"4":0.0,"5":0.0,"6":0.0,"7":0.0,"8":0.0,"9":0.0,"10":0.0,"11":0.0,"12":0.0,"13":0.0,"14":0.0,"15":0.0,"16":0.0,"17":0.0,"18":0.0,"19":0.0,"20":0.0,"21":0.0,"22":0.0,"23":0.0,"24":0.0,"25":0.0,"26":0.0,"27":0.0,"28":-0.2511493569,"29":-0.0328548932,"30":-0.0022068013,"31":-0.0038451013,"32":-0.0148047639,"33":0.0236967275,"34":-0.0022134707,"35":-0.0093817222,"36":0.0037601788,"37":0.0031540776,"38":-0.0006439268,"39":0.0018981971,"40":-0.0082539672,"41":-0.0002717693,"42":-0.0105856402,"43":-0.0138369052,"44":0.0012657522,"45":0.0006574352,"46":0.0034522494,"47":-0.000681851,"48":0.0099206959,"49":0.0130882305,"50":-0.0117794826,"51":0.0025236205,"52":-0.0075383276,"53":-0.0121040104,"54":0.0143845922,"55":0.0073848479,"56":0.0209697752,"57":0.0079779631,"58":-0.0076554238,"59":-0.0060876418,"60":0.0002594064,"61":0.0199129257,"62":0.01862915,"63":-0.0138195081,"64":-0.0027291703,"65":-0.0156804489,"66":-0.0071565184,"67":-0.0108405879,"68":0.0064061325,"69":-0.0067397502,"70":0.0023974162,"71":0.0081385791,"72":-0.0061930306,"73":-0.0174750244,"74":-0.015238245,"75":-0.0074843073,"76":-0.0101855748,"77":-0.0127031671,"78":0.0231074291,"79":0.0032222943,"80":-0.0449407315,"81":-0.0337124622,"82":0.0456407978,"83":0.0441998511,"84":-0.0062494042,"85":-0.0397952392,"86":0.3045740039,"87":0.0,"88":0.0,"89":0.0,"90":0.0,"91":0.0,"92":0.0,"93":0.0,"94":0.0,"95":0.0,"96":0.0,"97":0.0,"98":0.0,"99":0.0}}