{"bins":{"0":0.0,"1":0.2929292929,"2":0.5858585859,"3":0.8787878788,"4":1.1717171717,"5":1.4646464646,"6":1.7575757576,"7":2.0505050505,"8":2.3434343434,"9":2.6363636364,"10":2.9292929293,"11":3.2222222222,"12":3.5151515152,"13":3.8080808081,"14":4.101010101,"15":4.3939393939,"16":4.6868686869,"17":4.9797979798,"18":5.2727272727,"19":5.5656565657,"20":5.8585858586,"21":6.1515151515,"22":6.4444444444,"23":6.7373737374,"24":7.0303030303,"25":7.3232323232,"26":7.6161616162,"27":7.9090909091,"28":8.202020202,"29":8.4949494949,"30":8.7878787879,"31":9.0808080808,"32":9.3737373737,"33":9.6666666667,"34":9.9595959596,"35":10.2525252525,"36":10.5454545455,"37":10.8383838384,"38":11.1313131313,"39":11.4242424242,"40":11.7171717172,"41":12.0101010101,"42":12.303030303,"43":12.595959596,"44":12.8888888889,"45":13.1818181818,"46":13.4747474747,"47":13.7676767677,"48":14.0606060606,"49":14.3535353535,"50":14.6464646465,"51":14.9393939394,"52":15.2323232323,"53":15.5252525253,"54":15.8181818182,"55":16.1111111111,"56":16.404040404,"57":16.696969697,"58":16.9898989899,"59":17.2828282828,"60":17.5757575758,"61":17.8686868687,"62":18.1616161616,"63":18.4545454545,"64":18.7474747475,"65":19.0404040404,"66":19.3333333333,"67":19.6262626263,"68":19.9191919192,"69":20.2121212121,"70":20.5050505051,"71":20.797979798,"72":21.0909090909,"73":21.3838383838,"74":21.6767676768,"75":21.9696969697,"76":22.2626262626,"77":22.5555555556,"78":22.8484848485,"79":23.1414141414,"80":23.4343434343,"81":23.7272727273,"82":24.0202020202,"83":24.3131313131,"84":24.6060606061,"85":24.898989899,"86":25.1919191919,"87":25.4848484848,"88":25.7777777778,"89":26.0707070707,"90":26.3636363636,"91":26.6565656566,"92":26.9494949495,"93":27.2424242424,"94":27.5353535354,"95":27.8282828283,"96":28.1212121212,"97":28.4141414141,"98":28.7070707071,"99":29.0},"parallel forces":{"0":0.0,"1":0.0,"2":0.0,"3":0.0,"4":0.0,"5":0.0,"6":0.0,"7":0.0,"8":0.0,"9":0.0,"10":0.0,"11":0.0,"12":0.0,"13":0.0,"14":0.0,"15":0.0,"16":0.0,"17":0.0,"18":0.0,"19":0.0,"20":0.0,"21":0.0,"22":0.0,"23":0.0,"24":0.0,"25":0.0,"26":0.0,"27":67.5645330988,"28":38.0708696444,"29":23.0975992497,"30":13.7993516654,"31":7.7799413155,"32":4.0369034478,"33":1.8271422711,"34":0.6416418683,"35":0.1683177941,"36":0.210872837,"37":0.3251016578,"38":0.246006511,"39":0.111704393,"40":-0.051832059,"41":-0.1485927863,"42":-0.2406508596,"43":-0.2607837547,"44":-0.2935965708,"45":-0.274293852,"46":-0.2749592314,"47":-0.2593454241,"48":-0.2723357109,"49":-0.2599190573,"50":-0.2593751544,"51":-0.2564444552,"52":-0.2399261419,"53":-0.216635603,"54":-0.2049302022,"55":-0.1975735644,"56":-0.1828793979,"57":-0.173637124,"58":-0.1484938884,"59":-0.1147374949,"60":-0.0889022034,"61":-0.0539390769,"62":-0.0674948909,"63":-0.0279290303,"64":-0.0206469071,"65":-0.0063470385,"66":0.0156647059,"67":0.0367383264,"68":0.0478265018,"69":0.0522402587,"70":0.0324762804,"71":0.0559766908,"72":0.0381351729,"73":0.0630875276,"74":0.0619025048,"75":0.0757466082,"76":0.0463680726,"77":0.0525442451,"78":0.0358101204,"79":0.0112438324,"80":0.0159972623,"81":0.0229234806,"82":-0.0083318057,"83":0.0753467996,"84":-0.0298740036,"85":-0.0978825801,"86":0.3870997405,"87":0.0,"88":0.0,"89":0.0,"90":0.0,"91":0.0,"92":0.0,"93":0.0,"94":0.0,"95":0.0,"96":0.0,"97":0.0,"98":0.0,"99":0.0},"transverse forces":{"0":0.0,"1":0.0,"2":0.0,"3":0.0,"4":0.0,"5":0.0,"6":0.0,"7":0.0,"8":0.0,"9":0.0,"10":0.0,"11":0.0,"12":0.0,"13":0.0,"14":0.0,"15":0.0,"16":0.0,"17":0.0,"18":0.0,"19":0.0,"20":0.0,"21":0.0,"22":0.0,"23":0.0,"24":0.0,"25":0.0,"26":0.0,"27":-0.9516553494,"28":-0.1951247194,"29":0.0540043111,"30":0.0204909359,"31":-0.0029151109,"32":-0.0232768627,"33":-0.0089220706,"34":-0.001071682,"35":0.0084576896,"36":0.0044009528,"37":-0.0045968485,"38":0.0010161451,"39":0.0026640544,"40":0.0070998324,"41":0.0003885118,"42":-0.0065156288,"43":0.0075747635,"44":-0.0020032736,"45":-0.0019997902,"46":0.0104952075,"47":-0.0046666652,"48":-0.010722905,"49":0.0039247077,"50":0.0068704849,"51":0.0158796776,"52":-0.0289399514,"53":0.0021875557,"54":-0.0019873307,"55":-0.010429325,"56":0.0030060503,"57":0.0006088295,"58":0.0103481849,"59":0.0023335516,"60":0.0046692605,"61":0.0051769553,"62":-0.0169956142,"63":0.0134897278,"64":0.0171404816,"65":0.0138523523,"66":0.0046039384,"67":-0.0089660698,"68":0.0105077307,"69":0.0198133463,"70":-0.0291002955,"71":-0.0037437576,"72":0.0005761378,"73":-0.0117430854,"74":-0.0213982061,"75":-0.0138458636,"76":0.0081072445,"77":0.0051047017,"78":0.0110430039,"79":-0.0275057434,"80":-0.0141078907,"81":-0.0529370645,"82":0.0269985327,"83":0.0057067263,"84":-0.0427142739,"85":-0.0035984921,"86":0.0869997288,"87":0.0,"88":0.0,"89":0.0,"90":0.0,"91":0.0,"92":0.0,"93":0.0,"94":0.0,"95":0.0,"96":0.0,"97":0.0,"98":0.0,"99":0.0}}