{"bins":{"0":0.0,"1":0.2929292929,"2":0.5858585859,"3":0.8787878788,"4":1.1717171717,"5":1.4646464646,"6":1.7575757576,"7":2.0505050505,"8":2.3434343434,"9":2.6363636364,"10":2.9292929293,"11":3.2222222222,"12":3.5151515152,"13":3.8080808081,"14":4.101010101,"15":4.3939393939,"16":4.6868686869,"17":4.9797979798,"18":5.2727272727,"19":5.5656565657,"20":5.8585858586,"21":6.1515151515,"22":6.4444444444,"23":6.7373737374,"24":7.0303030303,"25":7.3232323232,"26":7.6161616162,"27":7.9090909091,"28":8.202020202,"29":8.4949494949,"30":8.7878787879,"31":9.0808080808,"32":9.3737373737,"33":9.6666666667,"34":9.9595959596,"35":10.2525252525,"36":10.5454545455,"37":10.8383838384,"38":11.1313131313,"39":11.4242424242,"40":11.7171717172,"41":12.0101010101,"42":12.303030303,"43":12.595959596,"44":12.8888888889,"45":13.1818181818,"46":13.4747474747,"47":13.7676767677,"48":14.0606060606,"49":14.3535353535,"50":14.6464646465,"51":14.9393939394,"52":15.2323232323,"53":15.5252525253,"54":15.8181818182,"55":16.1111111111,"56":16.404040404,"57":16.696969697,"58":16.9898989899,"59":17.2828282828,"60":17.5757575758,"61":17.8686868687,"62":18.1616161616,"63":18.4545454545,"64":18.7474747475,"65":19.0404040404,"66":19.3333333333,"67":19.6262626263,"68":19.9191919192,"69":20.2121212121,"70":20.5050505051,"71":20.797979798,"72":21.0909090909,"73":21.3838383838,"74":21.6767676768,"75":21.9696969697,"76":22.2626262626,"77":22.5555555556,"78":22.8484848485,"79":23.1414141414,"80":23.4343434343,"81":23.7272727273,"82":24.0202020202,"83":24.3131313131,"84":24.6060606061,"85":24.898989899,"86":25.1919191919,"87":25.4848484848,"88":25.7777777778,"89":26.0707070707,"90":26.3636363636,"91":26.6565656566,"92":26.9494949495,"93":27.2424242424,"94":27.5353535354,"95":27.8282828283,"96":28.1212121212,"97":28.4141414141,"98":28.7070707071,"99":29.0},"parallel forces":{"0":0.0,"1":0.0,"2":0.0,"3":0.0,"4":0.0,"5":0.0,"6":0.0,"7":0.0,"8":0.0,"9":0.0,"10":0.0,"11":0.0,"12":0.0,"13":0.0,"14":0.0,"15":0.0,"16":0.0,"17":0.0,"18":0.0,"19":0.0,"20":0.0,"21":0.0,"22":0.0,"23":0.0,"24":0.0,"25":0.0,"26":0.0,"27":0.0,"28":36.9682360568,"29":23.2246131896,"30":13.7796597536,"31":7.7558174475,"32":4.0173016573,"33":1.8125712439,"34":0.614039344,"35":0.1827077767,"36":0.2050690384,"37":0.3296961025,"38":0.273554684,"39":0.1202130514,"40":-0.0250764166,"41":-0.1600772625,"42":-0.2087542079,"43":-0.273033305,"44":-0.2567499508,"45":-0.2821598472,"46":-0.266391877,"47":-0.2497589998,"48":-0.2605451298,"49":-0.2627115646,"50":-0.2386447567,"51":-0.2299508563,"52":-0.2436613078,"53":-0.2242794432,"54":-0.2213066633,"55":-0.2014586722,"56":-0.1735654638,"57":-0.1596762521,"58":-0.145318625,"59":-0.1193895532,"60":-0.0851628818,"61":-0.0576395164,"62":-0.057970831,"63":-0.0485891735,"64":0.0060560065,"65":-0.0015520567,"66":0.0433218883,"67":0.0631661429,"68":0.0467389066,"69":0.0240834978,"70":0.0419575844,"71":0.0457648143,"72":0.0420088839,"73":0.0338903178,"74":0.0589471845,"75":0.0350085204,"76":0.0503550507,"77":0.0141296794,"78":0.0549133467,"79":0.0608055716,"80":0.0496225474,"81":0.0621775737,"82":-0.0061013186,"83":0.0111229462,"84":0.0516692529,"85":0.1562191267,"86":0.299856238,"87":0.0,"88":0.0,"89":0.0,"90":0.0,"91":0.0,"92":0.0,"93":0.0,"94":0.0,"95":0.0,"96":0.0,"97":0.0,"98":0.0,"99":0.0},"transverse forces":{"0":0.0,"1":0.0,"2":0.0,"3":0.0,"4":0.0,"5":0.0,"6":0.0,"7":0.0,"8":0.0,"9":0.0,"10":0.0,"11":0.0,"12":0.0,"13":0.0,"14":0.0,"15":0.0,"16":0.0,"17":0.0,"18":0.0,"19":0.0,"20":0.0,"21":0.0,"22":0.0,"23":0.0,"24":0.0,"25":0.0,"26":0.0,"27":0.0,"28":-0.1052906225,"29":-0.0243770158,"30":0.0034064617,"31":-0.0328796988,"32":0.0069784916,"33":0.0105612254,"34":0.0083418164,"35":0.0016569024,"36":0.0019148166,"37":-0.0076149684,"38":0.0038479638,"39":0.003002031,"40":0.0079233598,"41":-0.0034967866,"42":-0.0061901885,"43":0.005933348,"44":-0.0112255904,"45":0.0102034423,"46":-0.0167621044,"47":0.0028686384,"48":0.0076637278,"49":0.0181621727,"50":0.0179268385,"51":0.0162050022,"52":0.0077159131,"53":-0.0174459144,"54":-0.0068351477,"55":-0.0068287828,"56":-0.0129176511,"57":0.0001175953,"58":-0.008213264,"59":-0.0036139742,"60":-0.0041498061,"61":0.0047328122,"62":0.0137306636,"63":-0.010507782,"64":-0.0058865668,"65":-0.0070455493,"66":0.0180324982,"67":0.0020115523,"68":-0.0037293218,"69":0.0095768889,"70":0.004012406,"71":0.004073784,"72":0.020203083,"73":-0.0062924427,"74":-0.0134740011,"75":0.0041868193,"76":-0.0084827974,"77":0.0193778652,"78":0.0100450513,"79":0.0025778106,"80":-0.0166181472,"81":-0.0105987643,"82":0.0243629603,"83":0.0441874559,"84":0.026611584,"85":-0.0920672052,"86":-0.0855181896,"87":0.0,"88":0.0,"89":0.0,"90":0.0,"91":0.0,"92":0.0,"93":0.0,"94":0.0,"95":0.0,"96":0.0,"97":0.0,"98":0.0,"99":0.0}}