{"bins":{"0":0.0,"1":0.2929292929,"2":0.5858585859,"3":0.8787878788,"4":1.1717171717,"5":1.4646464646,"6":1.7575757576,"7":2.0505050505,"8":2.3434343434,"9":2.6363636364,"10":2.9292929293,"11":3.2222222222,"12":3.5151515152,"13":3.8080808081,"14":4.101010101,"15":4.3939393939,"16":4.6868686869,"17":4.9797979798,"18":5.2727272727,"19":5.5656565657,"20":5.8585858586,"21":6.1515151515,"22":6.4444444444,"23":6.7373737374,"24":7.0303030303,"25":7.3232323232,"26":7.6161616162,"27":7.9090909091,"28":8.202020202,"29":8.4949494949,"30":8.7878787879,"31":9.0808080808,"32":9.3737373737,"33":9.6666666667,"34":9.9595959596,"35":10.2525252525,"36":10.5454545455,"37":10.8383838384,"38":11.1313131313,"39":11.4242424242,"40":11.7171717172,"41":12.0101010101,"42":12.303030303,"43":12.595959596,"44":12.8888888889,"45":13.1818181818,"46":13.4747474747,"47":13.7676767677,"48":14.0606060606,"49":14.3535353535,"50":14.6464646465,"51":14.9393939394,"52":15.2323232323,"53":15.5252525253,"54":15.8181818182,"55":16.1111111111,"56":16.404040404,"57":16.696969697,"58":16.9898989899,"59":17.2828282828,"60":17.5757575758,"61":17.8686868687,"62":18.1616161616,"63":18.4545454545,"64":18.7474747475,"65":19.0404040404,"66":19.3333333333,"67":19.6262626263,"68":19.9191919192,"69":20.2121212121,"70":20.5050505051,"71":20.797979798,"72":21.0909090909,"73":21.3838383838,"74":21.6767676768,"75":21.9696969697,"76":22.2626262626,"77":22.5555555556,"78":22.8484848485,"79":23.1414141414,"80":23.4343434343,"81":23.7272727273,"82":24.0202020202,"83":24.3131313131,"84":24.6060606061,"85":24.898989899,"86":25.1919191919,"87":25.4848484848,"88":25.7777777778,"89":26.0707070707,"90":26.3636363636,"91":26.6565656566,"92":26.9494949495,"93":27.2424242424,"94":27.5353535354,"95":27.8282828283,"96":28.1212121212,"97":28.4141414141,"98":28.7070707071,"99":29.0},"parallel forces":{"0":0.0,"1":0.0,"2":0.0,"3":0.0,"4":0.0,"5":0.0,"6":0.0,"7":0.0,"8":0.0,"9":0.0,"10":0.0,"11":0.0,"12":0.0,"13":0.0,"14":0.0,"15":0.0,"16":0.0,"17":0.0,"18":0.0,"19":0.0,"20":0.0,"21":0.0,"22":0.0,"23":0.0,"24":0.0,"25":0.0,"26":0.0,"27":0.0,"28":37.9127518995,"29":23.2254117197,"30":13.718037409,"31":7.7796451303,"32":4.0331088943,"33":1.8137664212,"34":0.6393402463,"35":0.1646820737,"36":0.2115072773,"37":0.3416711052,"38":0.2452564975,"39":0.1013083551,"40":-0.0497099639,"41":-0.162440525,"42":-0.2343467982,"43":-0.2558375099,"44":-0.2715443326,"45":-0.2728483364,"46":-0.256712916,"47":-0.2558572004,"48":-0.2682609113,"49":-0.2544602117,"50":-0.2534295442,"51":-0.2408909704,"52":-0.2413215568,"53":-0.2311426588,"54":-0.2006524199,"55":-0.1938185518,"56":-0.1868299021,"57":-0.1598061917,"58":-0.1543368073,"59":-0.1283614327,"60":-0.0866339919,"61":-0.0629005939,"62":-0.0570870884,"63":-0.0532350938,"64":-0.0269902279,"65":-0.0224580845,"66":-0.0000328724,"67":-0.0046233075,"68":0.0187850811,"69":0.0439782652,"70":0.0501380336,"71":0.068911368,"72":0.0544592425,"73":0.0776818955,"74":0.0221165522,"75":0.0464829647,"76":0.0580494236,"77":0.043691691,"78":0.0417691819,"79":0.0203138548,"80":0.0224056402,"81":0.0295314666,"82":0.0651450997,"83":0.0322892355,"84":-0.0516267788,"85":-0.0893488527,"86":-0.5783085676,"87":0.0,"88":0.0,"89":0.0,"90":0.0,"91":0.0,"92":0.0,"93":0.0,"94":0.0,"95":0.0,"96":0.0,"97":0.0,"98":0.0,"99":0.0},"transverse forces":{"0":0.0,"1":0.0,"2":0.0,"3":0.0,"4":0.0,"5":0.0,"6":0.0,"7":0.0,"8":0.0,"9":0.0,"10":0.0,"11":0.0,"12":0.0,"13":0.0,"14":0.0,"15":0.0,"16":0.0,"17":0.0,"18":0.0,"19":0.0,"20":0.0,"21":0.0,"22":0.0,"23":0.0,"24":0.0,"25":0.0,"26":0.0,"27":0.0,"28":-0.5829612038,"29":-0.0187807978,"30":-0.0118425876,"31":-0.0046332719,"32":-0.0013306956,"33":0.0209362111,"34":-0.0112717174,"35":-0.0074535816,"36":-0.0077354958,"37":-0.0011077339,"38":0.0237900541,"39":-0.0012685662,"40":-0.0093878183,"41":-0.0051151937,"42":0.0077654305,"43":-0.0018944912,"44":-0.0033964454,"45":-0.011898243,"46":0.002401563,"47":0.0120182858,"48":0.0087392755,"49":0.0005509716,"50":0.0041557871,"51":-0.0051575256,"52":-0.0005844552,"53":0.0027013268,"54":0.0137104765,"55":-0.0037323815,"56":0.0074372357,"57":-0.0047659993,"58":0.0077329559,"59":-0.0035144967,"60":-0.0156432675,"61":-0.0095690716,"62":0.0052302968,"63":0.0259246939,"64":-0.0038131751,"65":-0.0106201518,"66":0.0001794943,"67":0.0131288774,"68":-0.0120737033,"69":0.0228455705,"70":-0.0031024896,"71":0.0087203339,"72":0.0029114645,"73":0.0046942597,"74":0.0052551022,"75":0.0040047447,"76":0.0180782629,"77":-0.0036725437,"78":-0.016923458,"79":0.0267916261,"80":0.0108580621,"81":-0.0021511632,"82":-0.0203072485,"83":-0.0941222355,"84":0.0465761505,"85":0.0628455067,"86":-0.1928126413,"87":0.0,"88":0.0,"89":0.0,"90":0.0,"91":0.0,"92":0.0,"93":0.0,"94":0.0,"95":0.0,"96":0.0,"97":0.0,"98":0.0,"99":0.0}}