{"bins":{"0":0.0,"1":0.2929292929,"2":0.5858585859,"3":0.8787878788,"4":1.1717171717,"5":1.4646464646,"6":1.7575757576,"7":2.0505050505,"8":2.3434343434,"9":2.6363636364,"10":2.9292929293,"11":3.2222222222,"12":3.5151515152,"13":3.8080808081,"14":4.101010101,"15":4.3939393939,"16":4.6868686869,"17":4.9797979798,"18":5.2727272727,"19":5.5656565657,"20":5.8585858586,"21":6.1515151515,"22":6.4444444444,"23":6.7373737374,"24":7.0303030303,"25":7.3232323232,"26":7.6161616162,"27":7.9090909091,"28":8.202020202,"29":8.4949494949,"30":8.7878787879,"31":9.0808080808,"32":9.3737373737,"33":9.6666666667,"34":9.9595959596,"35":10.2525252525,"36":10.5454545455,"37":10.8383838384,"38":11.1313131313,"39":11.4242424242,"40":11.7171717172,"41":12.0101010101,"42":12.303030303,"43":12.595959596,"44":12.8888888889,"45":13.1818181818,"46":13.4747474747,"47":13.7676767677,"48":14.0606060606,"49":14.3535353535,"50":14.6464646465,"51":14.9393939394,"52":15.2323232323,"53":15.5252525253,"54":15.8181818182,"55":16.1111111111,"56":16.404040404,"57":16.696969697,"58":16.9898989899,"59":17.2828282828,"60":17.5757575758,"61":17.8686868687,"62":18.1616161616,"63":18.4545454545,"64":18.7474747475,"65":19.0404040404,"66":19.3333333333,"67":19.6262626263,"68":19.9191919192,"69":20.2121212121,"70":20.5050505051,"71":20.797979798,"72":21.0909090909,"73":21.3838383838,"74":21.6767676768,"75":21.9696969697,"76":22.2626262626,"77":22.5555555556,"78":22.8484848485,"79":23.1414141414,"80":23.4343434343,"81":23.7272727273,"82":24.0202020202,"83":24.3131313131,"84":24.6060606061,"85":24.898989899,"86":25.1919191919,"87":25.4848484848,"88":25.7777777778,"89":26.0707070707,"90":26.3636363636,"91":26.6565656566,"92":26.9494949495,"93":27.2424242424,"94":27.5353535354,"95":27.8282828283,"96":28.1212121212,"97":28.4141414141,"98":28.7070707071,"99":29.0},"parallel forces":{"0":0.0,"1":0.0,"2":0.0,"3":0.0,"4":0.0,"5":0.0,"6":0.0,"7":0.0,"8":0.0,"9":0.0,"10":0.0,"11":0.0,"12":0.0,"13":0.0,"14":0.0,"15":0.0,"16":0.0,"17":0.0,"18":0.0,"19":0.0,"20":0.0,"21":0.0,"22":0.0,"23":0.0,"24":0.0,"25":0.0,"26":0.0,"27":0.0,"28":36.7088217133,"29":23.165689026,"30":13.8089323598,"31":7.7596503996,"32":4.0281901497,"33":1.8257276966,"34":0.6469000276,"35":0.1806163667,"36":0.2056485427,"37":0.3661457621,"38":0.2924396008,"39":0.12138302,"40":-0.0412033541,"41":-0.1540972863,"42":-0.245797281,"43":-0.2721644963,"44":-0.2725475437,"45":-0.2823116431,"46":-0.2691989596,"47":-0.270847418,"48":-0.2648990708,"49":-0.2779980583,"50":-0.2651350788,"51":-0.231665791,"52":-0.2330457836,"53":-0.230173922,"54":-0.216866213,"55":-0.2005752826,"56":-0.1818151905,"57":-0.1582099287,"58":-0.1473883256,"59":-0.1240227195,"60":-0.0856404937,"61":-0.0913217515,"62":-0.0585881278,"63":-0.0445824331,"64":-0.0170174697,"65":-0.0290651374,"66":0.0058206206,"67":0.0007810353,"68":0.0485022463,"69":0.0533367626,"70":0.0522271049,"71":0.0565553224,"72":0.0584026322,"73":0.0840153929,"74":0.0405286254,"75":0.0074982489,"76":0.0467219139,"77":0.0316630148,"78":0.0158784169,"79":0.0235868004,"80":0.0289137998,"81":0.0461697684,"82":0.0681562661,"83":-0.0345477076,"84":-0.0706110845,"85":-0.0238979281,"86":-0.2276795791,"87":0.0,"88":0.0,"89":0.0,"90":0.0,"91":0.0,"92":0.0,"93":0.0,"94":0.0,"95":0.0,"96":0.0,"97":0.0,"98":0.0,"99":0.0},"transverse forces":{"0":0.0,"1":0.0,"2":0.0,"3":0.0,"4":0.0,"5":0.0,"6":0.0,"7":0.0,"8":0.0,"9":0.0,"10":0.0,"11":0.0,"12":0.0,"13":0.0,"14":0.0,"15":0.0,"16":0.0,"17":0.0,"18":0.0,"19":0.0,"20":0.0,"21":0.0,"22":0.0,"23":0.0,"24":0.0,"25":0.0,"26":0.0,"27":0.0,"28":0.027889824,"29":-0.0167123851,"30":-0.0469853941,"31":0.0014630545,"32":-0.0017675201,"33":0.0039720864,"34":0.0130705032,"35":0.0016901438,"36":0.003743548,"37":-0.0053868467,"38":0.000731026,"39":-0.006535077,"40":-0.0009381911,"41":0.0006346268,"42":0.0026522598,"43":0.0145304266,"44":-0.000020551,"45":-0.007817836,"46":-0.004392268,"47":-0.003062707,"48":-0.0034465643,"49":-0.0114234104,"50":-0.004665624,"51":-0.0140162057,"52":-0.0034598633,"53":-0.0127687371,"54":-0.0019095992,"55":0.0055969418,"56":0.0131333234,"57":0.0226090241,"58":-0.0002035996,"59":0.0014370355,"60":0.0187068405,"61":-0.0043565994,"62":-0.0183169888,"63":-0.0113873503,"64":0.006756674,"65":-0.0008923102,"66":0.0015568132,"67":0.0184909266,"68":0.0098542989,"69":0.0211673076,"70":-0.0005040886,"71":-0.0056745511,"72":0.0207712322,"73":-0.0148254821,"74":-0.0158836919,"75":0.018897481,"76":0.0293229335,"77":-0.022287408,"78":-0.021652132,"79":0.0039134771,"80":0.0108609415,"81":-0.0402849885,"82":-0.0597725031,"83":-0.0243119609,"84":0.0528623589,"85":0.0658817497,"86":0.5592588876,"87":0.0,"88":0.0,"89":0.0,"90":0.0,"91":0.0,"92":0.0,"93":0.0,"94":0.0,"95":0.0,"96":0.0,"97":0.0,"98":0.0,"99":0.0}}