{"bins":{"0":0.0,"1":0.2929292929,"2":0.5858585859,"3":0.8787878788,"4":1.1717171717,"5":1.4646464646,"6":1.7575757576,"7":2.0505050505,"8":2.3434343434,"9":2.6363636364,"10":2.9292929293,"11":3.2222222222,"12":3.5151515152,"13":3.8080808081,"14":4.101010101,"15":4.3939393939,"16":4.6868686869,"17":4.9797979798,"18":5.2727272727,"19":5.5656565657,"20":5.8585858586,"21":6.1515151515,"22":6.4444444444,"23":6.7373737374,"24":7.0303030303,"25":7.3232323232,"26":7.6161616162,"27":7.9090909091,"28":8.202020202,"29":8.4949494949,"30":8.7878787879,"31":9.0808080808,"32":9.3737373737,"33":9.6666666667,"34":9.9595959596,"35":10.2525252525,"36":10.5454545455,"37":10.8383838384,"38":11.1313131313,"39":11.4242424242,"40":11.7171717172,"41":12.0101010101,"42":12.303030303,"43":12.595959596,"44":12.8888888889,"45":13.1818181818,"46":13.4747474747,"47":13.7676767677,"48":14.0606060606,"49":14.3535353535,"50":14.6464646465,"51":14.9393939394,"52":15.2323232323,"53":15.5252525253,"54":15.8181818182,"55":16.1111111111,"56":16.404040404,"57":16.696969697,"58":16.9898989899,"59":17.2828282828,"60":17.5757575758,"61":17.8686868687,"62":18.1616161616,"63":18.4545454545,"64":18.7474747475,"65":19.0404040404,"66":19.3333333333,"67":19.6262626263,"68":19.9191919192,"69":20.2121212121,"70":20.5050505051,"71":20.797979798,"72":21.0909090909,"73":21.3838383838,"74":21.6767676768,"75":21.9696969697,"76":22.2626262626,"77":22.5555555556,"78":22.8484848485,"79":23.1414141414,"80":23.4343434343,"81":23.7272727273,"82":24.0202020202,"83":24.3131313131,"84":24.6060606061,"85":24.898989899,"86":25.1919191919,"87":25.4848484848,"88":25.7777777778,"89":26.0707070707,"90":26.3636363636,"91":26.6565656566,"92":26.9494949495,"93":27.2424242424,"94":27.5353535354,"95":27.8282828283,"96":28.1212121212,"97":28.4141414141,"98":28.7070707071,"99":29.0},"parallel forces":{"0":0.0,"1":0.0,"2":0.0,"3":0.0,"4":0.0,"5":0.0,"6":0.0,"7":0.0,"8":0.0,"9":0.0,"10":0.0,"11":0.0,"12":0.0,"13":0.0,"14":0.0,"15":0.0,"16":0.0,"17":0.0,"18":0.0,"19":0.0,"20":0.0,"21":0.0,"22":0.0,"23":0.0,"24":0.0,"25":0.0,"26":0.0,"27":0.0,"28":37.9970443863,"29":23.2415651264,"30":13.8307732342,"31":7.7945786283,"32":4.0335194454,"33":1.8286660533,"34":0.6269709903,"35":0.1625349101,"36":0.2149185009,"37":0.3525298901,"38":0.2840732364,"39":0.1239032317,"40":-0.0381848188,"41":-0.1554714313,"42":-0.2393637144,"43":-0.2877654022,"44":-0.2710443457,"45":-0.2745284163,"46":-0.2808041415,"47":-0.2544420261,"48":-0.2705114057,"49":-0.2552571592,"50":-0.2589825045,"51":-0.2387173281,"52":-0.2325456459,"53":-0.2200907829,"54":-0.1919187349,"55":-0.1892660582,"56":-0.1688294509,"57":-0.1653995117,"58":-0.1358808492,"59":-0.1102753539,"60":-0.0959906861,"61":-0.0666365811,"62":-0.0619720333,"63":-0.0411296058,"64":-0.0143765957,"65":-0.0033578014,"66":0.0134984104,"67":0.027499513,"68":0.0326213029,"69":0.0092346462,"70":0.0307240906,"71":0.0266467523,"72":0.0355019133,"73":0.0307970694,"74":0.036088868,"75":0.0465359335,"76":0.0379265202,"77":0.0349373914,"78":0.0420346006,"79":0.0146672364,"80":0.0266690847,"81":0.0321213291,"82":0.083900341,"83":0.0777074927,"84":0.0059162642,"85":-0.0173961739,"86":0.3913723341,"87":0.0,"88":0.0,"89":0.0,"90":0.0,"91":0.0,"92":0.0,"93":0.0,"94":0.0,"95":0.0,"96":0.0,"97":0.0,"98":0.0,"99":0.0},"transverse forces":{"0":0.0,"1":0.0,"2":0.0,"3":0.0,"4":0.0,"5":0.0,"6":0.0,"7":0.0,"8":0.0,"9":0.0,"10":0.0,"11":0.0,"12":0.0,"13":0.0,"14":0.0,"15":0.0,"16":0.0,"17":0.0,"18":0.0,"19":0.0,"20":0.0,"21":0.0,"22":0.0,"23":0.0,"24":0.0,"25":0.0,"26":0.0,"27":0.0,"28":0.3695355031,"29":-0.1473472304,"30":-0.0129724974,"31":-0.009148046,"32":-0.0000067031,"33":-0.0057496121,"34":0.0024196777,"35":0.0093345277,"36":0.0022710981,"37":-0.0096937975,"38":-0.0023426849,"39":-0.0100313918,"40":0.0038056908,"41":-0.0133762891,"42":0.0253796345,"43":-0.0017853677,"44":0.0016097847,"45":-0.0047623705,"46":0.0097702146,"47":0.0129585248,"48":-0.0161476023,"49":-0.004730001,"50":0.0039094692,"51":0.0127635677,"52":-0.0205049425,"53":0.0044397074,"54":-0.0073832904,"55":0.0009667371,"56":-0.002175383,"57":-0.0012312725,"58":-0.0033690766,"59":-0.007179021,"60":0.0037012831,"61":0.0097300208,"62":0.0001851501,"63":0.0115754761,"64":0.0060142999,"65":-0.0226491287,"66":0.0075630172,"67":-0.0133340892,"68":0.0020910299,"69":0.0194784275,"70":0.0201082796,"71":0.0007277454,"72":0.0312094839,"73":-0.0195750897,"74":-0.0115763009,"75":0.00621465,"76":0.0005346853,"77":-0.0134424733,"78":-0.0048062733,"79":0.0128040196,"80":0.0099556667,"81":0.0148684503,"82":-0.0135760928,"83":-0.0902794349,"84":0.0498008001,"85":0.0073265364,"86":0.5894400805,"87":0.0,"88":0.0,"89":0.0,"90":0.0,"91":0.0,"92":0.0,"93":0.0,"94":0.0,"95":0.0,"96":0.0,"97":0.0,"98":0.0,"99":0.0}}