{"bins":{"0":0.0,"1":0.2929292929,"2":0.5858585859,"3":0.8787878788,"4":1.1717171717,"5":1.4646464646,"6":1.7575757576,"7":2.0505050505,"8":2.3434343434,"9":2.6363636364,"10":2.9292929293,"11":3.2222222222,"12":3.5151515152,"13":3.8080808081,"14":4.101010101,"15":4.3939393939,"16":4.6868686869,"17":4.9797979798,"18":5.2727272727,"19":5.5656565657,"20":5.8585858586,"21":6.1515151515,"22":6.4444444444,"23":6.7373737374,"24":7.0303030303,"25":7.3232323232,"26":7.6161616162,"27":7.9090909091,"28":8.202020202,"29":8.4949494949,"30":8.7878787879,"31":9.0808080808,"32":9.3737373737,"33":9.6666666667,"34":9.9595959596,"35":10.2525252525,"36":10.5454545455,"37":10.8383838384,"38":11.1313131313,"39":11.4242424242,"40":11.7171717172,"41":12.0101010101,"42":12.303030303,"43":12.595959596,"44":12.8888888889,"45":13.1818181818,"46":13.4747474747,"47":13.7676767677,"48":14.0606060606,"49":14.3535353535,"50":14.6464646465,"51":14.9393939394,"52":15.2323232323,"53":15.5252525253,"54":15.8181818182,"55":16.1111111111,"56":16.404040404,"57":16.696969697,"58":16.9898989899,"59":17.2828282828,"60":17.5757575758,"61":17.8686868687,"62":18.1616161616,"63":18.4545454545,"64":18.7474747475,"65":19.0404040404,"66":19.3333333333,"67":19.6262626263,"68":19.9191919192,"69":20.2121212121,"70":20.5050505051,"71":20.797979798,"72":21.0909090909,"73":21.3838383838,"74":21.6767676768,"75":21.9696969697,"76":22.2626262626,"77":22.5555555556,"78":22.8484848485,"79":23.1414141414,"80":23.4343434343,"81":23.7272727273,"82":24.0202020202,"83":24.3131313131,"84":24.6060606061,"85":24.898989899,"86":25.1919191919,"87":25.4848484848,"88":25.7777777778,"89":26.0707070707,"90":26.3636363636,"91":26.6565656566,"92":26.9494949495,"93":27.2424242424,"94":27.5353535354,"95":27.8282828283,"96":28.1212121212,"97":28.4141414141,"98":28.7070707071,"99":29.0},"parallel forces":{"0":0.0,"1":0.0,"2":0.0,"3":0.0,"4":0.0,"5":0.0,"6":0.0,"7":0.0,"8":0.0,"9":0.0,"10":0.0,"11":0.0,"12":0.0,"13":0.0,"14":0.0,"15":0.0,"16":0.0,"17":0.0,"18":0.0,"19":0.0,"20":0.0,"21":0.0,"22":0.0,"23":0.0,"24":0.0,"25":0.0,"26":0.0,"27":60.6290378435,"28":37.5979759473,"29":23.4385395435,"30":13.8153526476,"31":7.7628814046,"32":4.0278386989,"33":1.8063464111,"34":0.6390200036,"35":0.1641915125,"36":0.2042605797,"37":0.3444947334,"38":0.277915114,"39":0.1071199174,"40":-0.0459862693,"41":-0.1563734478,"42":-0.2258652158,"43":-0.2654251941,"44":-0.266944788,"45":-0.2917412249,"46":-0.2641334847,"47":-0.2834789924,"48":-0.2713266653,"49":-0.2608118453,"50":-0.2501809796,"51":-0.2414602919,"52":-0.2339348182,"53":-0.2261674339,"54":-0.2015321443,"55":-0.1836525525,"56":-0.1783407455,"57":-0.1502101295,"58":-0.1324683386,"59":-0.0923027568,"60":-0.1071735621,"61":-0.066561816,"62":-0.0436346789,"63":-0.0462536311,"64":-0.0072125439,"65":0.0002976892,"66":0.0270379375,"67":0.0269163136,"68":0.0056166335,"69":0.0451473325,"70":0.0616648127,"71":0.0607661577,"72":0.0649353448,"73":0.0639219712,"74":0.0478853681,"75":0.0745993152,"76":0.060752056,"77":0.0693759693,"78":0.054574284,"79":0.035540943,"80":0.0124372831,"81":0.1134348531,"82":0.022254301,"83":0.0457245483,"84":0.0678919719,"85":-0.0356920006,"86":-0.2196241503,"87":0.0,"88":0.0,"89":0.0,"90":0.0,"91":0.0,"92":0.0,"93":0.0,"94":0.0,"95":0.0,"96":0.0,"97":0.0,"98":0.0,"99":0.0},"transverse forces":{"0":0.0,"1":0.0,"2":0.0,"3":0.0,"4":0.0,"5":0.0,"6":0.0,"7":0.0,"8":0.0,"9":0.0,"10":0.0,"11":0.0,"12":0.0,"13":0.0,"14":0.0,"15":0.0,"16":0.0,"17":0.0,"18":0.0,"19":0.0,"20":0.0,"21":0.0,"22":0.0,"23":0.0,"24":0.0,"25":0.0,"26":0.0,"27":1.038055059,"28":-0.3186795304,"29":-0.0014194146,"30":0.011200724,"31":-0.0133512574,"32":-0.0047210999,"33":-0.0048841876,"34":0.0101722727,"35":0.0112312335,"36":0.0151070543,"37":0.0012900138,"38":-0.0016937707,"39":-0.0061453978,"40":-0.0105482079,"41":0.0103678433,"42":0.0091005326,"43":0.0095381194,"44":-0.0072270532,"45":-0.0153842876,"46":0.0054164845,"47":-0.0101072386,"48":-0.012110717,"49":-0.0007602555,"50":0.0252006812,"51":0.0105376632,"52":0.0015370811,"53":0.011885521,"54":-0.018163623,"55":-0.0059566953,"56":0.0015589582,"57":0.0072081939,"58":0.0001183421,"59":0.0149248858,"60":0.0116985034,"61":-0.0006564143,"62":-0.0237427549,"63":0.0131600562,"64":-0.0049361978,"65":-0.0293085647,"66":0.0016016811,"67":-0.014342531,"68":0.0027428305,"69":0.0109786155,"70":-0.0010810793,"71":-0.0159918859,"72":0.0058074109,"73":-0.0365319136,"74":-0.0059353166,"75":-0.0273387082,"76":-0.0045056815,"77":-0.0467473809,"78":0.0133166821,"79":0.0397887823,"80":-0.00363189,"81":0.0110333545,"82":-0.0600174927,"83":-0.0516792532,"84":-0.0055542578,"85":0.0534708034,"86":-0.1626480972,"87":0.0,"88":0.0,"89":0.0,"90":0.0,"91":0.0,"92":0.0,"93":0.0,"94":0.0,"95":0.0,"96":0.0,"97":0.0,"98":0.0,"99":0.0}}