{"bins":{"0":0.0,"1":0.2929292929,"2":0.5858585859,"3":0.8787878788,"4":1.1717171717,"5":1.4646464646,"6":1.7575757576,"7":2.0505050505,"8":2.3434343434,"9":2.6363636364,"10":2.9292929293,"11":3.2222222222,"12":3.5151515152,"13":3.8080808081,"14":4.101010101,"15":4.3939393939,"16":4.6868686869,"17":4.9797979798,"18":5.2727272727,"19":5.5656565657,"20":5.8585858586,"21":6.1515151515,"22":6.4444444444,"23":6.7373737374,"24":7.0303030303,"25":7.3232323232,"26":7.6161616162,"27":7.9090909091,"28":8.202020202,"29":8.4949494949,"30":8.7878787879,"31":9.0808080808,"32":9.3737373737,"33":9.6666666667,"34":9.9595959596,"35":10.2525252525,"36":10.5454545455,"37":10.8383838384,"38":11.1313131313,"39":11.4242424242,"40":11.7171717172,"41":12.0101010101,"42":12.303030303,"43":12.595959596,"44":12.8888888889,"45":13.1818181818,"46":13.4747474747,"47":13.7676767677,"48":14.0606060606,"49":14.3535353535,"50":14.6464646465,"51":14.9393939394,"52":15.2323232323,"53":15.5252525253,"54":15.8181818182,"55":16.1111111111,"56":16.404040404,"57":16.696969697,"58":16.9898989899,"59":17.2828282828,"60":17.5757575758,"61":17.8686868687,"62":18.1616161616,"63":18.4545454545,"64":18.7474747475,"65":19.0404040404,"66":19.3333333333,"67":19.6262626263,"68":19.9191919192,"69":20.2121212121,"70":20.5050505051,"71":20.797979798,"72":21.0909090909,"73":21.3838383838,"74":21.6767676768,"75":21.9696969697,"76":22.2626262626,"77":22.5555555556,"78":22.8484848485,"79":23.1414141414,"80":23.4343434343,"81":23.7272727273,"82":24.0202020202,"83":24.3131313131,"84":24.6060606061,"85":24.898989899,"86":25.1919191919,"87":25.4848484848,"88":25.7777777778,"89":26.0707070707,"90":26.3636363636,"91":26.6565656566,"92":26.9494949495,"93":27.2424242424,"94":27.5353535354,"95":27.8282828283,"96":28.1212121212,"97":28.4141414141,"98":28.7070707071,"99":29.0},"parallel forces":{"0":0.0,"1":0.0,"2":0.0,"3":0.0,"4":0.0,"5":0.0,"6":0.0,"7":0.0,"8":0.0,"9":0.0,"10":0.0,"11":0.0,"12":0.0,"13":0.0,"14":0.0,"15":0.0,"16":0.0,"17":0.0,"18":0.0,"19":0.0,"20":0.0,"21":0.0,"22":0.0,"23":0.0,"24":0.0,"25":0.0,"26":0.0,"27":64.2761234246,"28":37.6496642581,"29":23.2667837681,"30":13.7683874075,"31":7.7457768371,"32":4.0195994684,"33":1.8198115054,"34":0.6234606235,"35":0.1510493963,"36":0.1939644243,"37":0.3248935953,"38":0.2582813318,"39":0.0886244958,"40":-0.0513309121,"41":-0.1566016225,"42":-0.2089581586,"43":-0.2782272662,"44":-0.2625266421,"45":-0.2635869297,"46":-0.262523309,"47":-0.2696786135,"48":-0.2520262054,"49":-0.2465165966,"50":-0.2491431267,"51":-0.2219844781,"52":-0.2254487766,"53":-0.2093267207,"54":-0.1937375754,"55":-0.1999264368,"56":-0.1514124631,"57":-0.1482956891,"58":-0.1349736571,"59":-0.1077628072,"60":-0.0942152122,"61":-0.0720871493,"62":-0.0877785259,"63":-0.0321596609,"64":-0.0163641519,"65":-0.0019499001,"66":0.009603107,"67":0.0259657111,"68":0.0379435951,"69":0.048676507,"70":0.0620044875,"71":0.0582199885,"72":0.0788639644,"73":0.0766476259,"74":0.0391380497,"75":0.0808425416,"76":0.0604402168,"77":0.017013142,"78":0.0107673161,"79":0.0451385782,"80":0.0477955672,"81":-0.0364794278,"82":0.0004359853,"83":-0.0346820199,"84":-0.0728571567,"85":0.0554794336,"86":0.1210357393,"87":0.0,"88":0.0,"89":0.0,"90":0.0,"91":0.0,"92":0.0,"93":0.0,"94":0.0,"95":0.0,"96":0.0,"97":0.0,"98":0.0,"99":0.0},"transverse forces":{"0":0.0,"1":0.0,"2":0.0,"3":0.0,"4":0.0,"5":0.0,"6":0.0,"7":0.0,"8":0.0,"9":0.0,"10":0.0,"11":0.0,"12":0.0,"13":0.0,"14":0.0,"15":0.0,"16":0.0,"17":0.0,"18":0.0,"19":0.0,"20":0.0,"21":0.0,"22":0.0,"23":0.0,"24":0.0,"25":0.0,"26":0.0,"27":-4.8488411005,"28":-0.1739434624,"29":-0.0289394534,"30":-0.0204416912,"31":0.0127663557,"32":-0.011469963,"33":-0.0089332814,"34":0.0042538243,"35":-0.0076363366,"36":0.0166845619,"37":-0.0120487228,"38":0.0097777793,"39":0.0030661448,"40":0.0301534496,"41":0.0002062224,"42":-0.0052636187,"43":0.0040385483,"44":-0.013290082,"45":0.0082644024,"46":0.0038249348,"47":-0.0025921817,"48":-0.0113689111,"49":-0.0059072495,"50":0.0115360927,"51":0.0001789399,"52":-0.0026926965,"53":-0.0258790636,"54":0.0034713754,"55":0.0230613449,"56":0.0044922634,"57":-0.0005847559,"58":-0.001929252,"59":-0.0008567741,"60":-0.0088070556,"61":-0.0073515372,"62":0.0072272148,"63":-0.0072033317,"64":-0.0069437814,"65":-0.0019918388,"66":0.0051132749,"67":0.0205537525,"68":-0.0135429897,"69":-0.0041004925,"70":0.0198419752,"71":-0.0072737863,"72":-0.004169437,"73":-0.0225676148,"74":0.0069530659,"75":0.018139055,"76":0.0274167542,"77":0.0209668586,"78":-0.0034042008,"79":0.0013743551,"80":-0.0004707333,"81":-0.0055887513,"82":-0.0692962823,"83":0.0635374271,"84":-0.0863209294,"85":-0.0795968752,"86":-0.1763719537,"87":0.0,"88":0.0,"89":0.0,"90":0.0,"91":0.0,"92":0.0,"93":0.0,"94":0.0,"95":0.0,"96":0.0,"97":0.0,"98":0.0,"99":0.0}}