{"bins":{"0":0.0,"1":0.2929292929,"2":0.5858585859,"3":0.8787878788,"4":1.1717171717,"5":1.4646464646,"6":1.7575757576,"7":2.0505050505,"8":2.3434343434,"9":2.6363636364,"10":2.9292929293,"11":3.2222222222,"12":3.5151515152,"13":3.8080808081,"14":4.101010101,"15":4.3939393939,"16":4.6868686869,"17":4.9797979798,"18":5.2727272727,"19":5.5656565657,"20":5.8585858586,"21":6.1515151515,"22":6.4444444444,"23":6.7373737374,"24":7.0303030303,"25":7.3232323232,"26":7.6161616162,"27":7.9090909091,"28":8.202020202,"29":8.4949494949,"30":8.7878787879,"31":9.0808080808,"32":9.3737373737,"33":9.6666666667,"34":9.9595959596,"35":10.2525252525,"36":10.5454545455,"37":10.8383838384,"38":11.1313131313,"39":11.4242424242,"40":11.7171717172,"41":12.0101010101,"42":12.303030303,"43":12.595959596,"44":12.8888888889,"45":13.1818181818,"46":13.4747474747,"47":13.7676767677,"48":14.0606060606,"49":14.3535353535,"50":14.6464646465,"51":14.9393939394,"52":15.2323232323,"53":15.5252525253,"54":15.8181818182,"55":16.1111111111,"56":16.404040404,"57":16.696969697,"58":16.9898989899,"59":17.2828282828,"60":17.5757575758,"61":17.8686868687,"62":18.1616161616,"63":18.4545454545,"64":18.7474747475,"65":19.0404040404,"66":19.3333333333,"67":19.6262626263,"68":19.9191919192,"69":20.2121212121,"70":20.5050505051,"71":20.797979798,"72":21.0909090909,"73":21.3838383838,"74":21.6767676768,"75":21.9696969697,"76":22.2626262626,"77":22.5555555556,"78":22.8484848485,"79":23.1414141414,"80":23.4343434343,"81":23.7272727273,"82":24.0202020202,"83":24.3131313131,"84":24.6060606061,"85":24.898989899,"86":25.1919191919,"87":25.4848484848,"88":25.7777777778,"89":26.0707070707,"90":26.3636363636,"91":26.6565656566,"92":26.9494949495,"93":27.2424242424,"94":27.5353535354,"95":27.8282828283,"96":28.1212121212,"97":28.4141414141,"98":28.7070707071,"99":29.0},"parallel forces":{"0":0.0,"1":0.0,"2":0.0,"3":0.0,"4":0.0,"5":0.0,"6":0.0,"7":0.0,"8":0.0,"9":0.0,"10":0.0,"11":0.0,"12":0.0,"13":0.0,"14":0.0,"15":0.0,"16":0.0,"17":0.0,"18":0.0,"19":0.0,"20":0.0,"21":0.0,"22":0.0,"23":0.0,"24":0.0,"25":0.0,"26":0.0,"27":0.0,"28":37.9911226264,"29":23.193761339,"30":13.8260439246,"31":7.7970843523,"32":4.0413977482,"33":1.829012272,"34":0.630913444,"35":0.1810804647,"36":0.2013424281,"37":0.3330750336,"38":0.262712242,"39":0.096041454,"40":-0.053612752,"41":-0.1809943997,"42":-0.2311399519,"43":-0.2610139617,"44":-0.2705352516,"45":-0.2680770247,"46":-0.2599651585,"47":-0.2743491828,"48":-0.2607260519,"49":-0.2591435475,"50":-0.2437738618,"51":-0.243774319,"52":-0.237287906,"53":-0.2103328868,"54":-0.196287507,"55":-0.1767436636,"56":-0.170306386,"57":-0.1551473454,"58":-0.1246719497,"59":-0.0943591035,"60":-0.0821523648,"61":-0.0741507434,"62":-0.0553223424,"63":-0.0469255512,"64":-0.0163875333,"65":-0.034260449,"66":-0.0154629759,"67":0.0181054159,"68":0.0368832131,"69":0.0089059446,"70":0.0243006628,"71":0.0375276053,"72":0.0359180223,"73":0.0343657881,"74":0.0541762515,"75":0.0363473521,"76":0.0244878455,"77":0.0331224127,"78":0.0750884108,"79":0.0616977309,"80":0.0335875139,"81":0.0453122804,"82":0.0389524984,"83":0.0083869783,"84":-0.0122453007,"85":0.0379747774,"86":-0.0695013095,"87":0.0,"88":0.0,"89":0.0,"90":0.0,"91":0.0,"92":0.0,"93":0.0,"94":0.0,"95":0.0,"96":0.0,"97":0.0,"98":0.0,"99":0.0},"transverse forces":{"0":0.0,"1":0.0,"2":0.0,"3":0.0,"4":0.0,"5":0.0,"6":0.0,"7":0.0,"8":0.0,"9":0.0,"10":0.0,"11":0.0,"12":0.0,"13":0.0,"14":0.0,"15":0.0,"16":0.0,"17":0.0,"18":0.0,"19":0.0,"20":0.0,"21":0.0,"22":0.0,"23":0.0,"24":0.0,"25":0.0,"26":0.0,"27":0.0,"28":0.0101913016,"29":0.0686214615,"30":-0.020448262,"31":0.0324491622,"32":-0.0157069552,"33":0.0025620434,"34":0.0107576087,"35":-0.012473595,"36":0.0123759298,"37":0.0012845158,"38":0.0033154327,"39":-0.0052448507,"40":0.0068300572,"41":0.0083269658,"42":-0.003012068,"43":0.0023237203,"44":0.0110911837,"45":-0.0039544515,"46":-0.0093240447,"47":0.0009943374,"48":-0.0211591303,"49":-0.019233274,"50":0.0005461547,"51":-0.0101185354,"52":0.0029429458,"53":0.0090893876,"54":0.0071969585,"55":-0.0130301245,"56":0.0132395403,"57":0.0047743172,"58":-0.0107408147,"59":-0.0040350143,"60":0.0042447824,"61":0.0048396617,"62":0.0010638628,"63":0.004830464,"64":-0.0178911998,"65":0.0110231616,"66":0.0015841558,"67":-0.0187503117,"68":-0.0046238156,"69":-0.0055088365,"70":-0.0012756551,"71":0.0011609986,"72":-0.0099379583,"73":-0.0057486227,"74":-0.0034882638,"75":-0.0102546589,"76":0.0494460198,"77":0.0311049934,"78":-0.0097567958,"79":0.0014684478,"80":0.0160165054,"81":-0.0324472713,"82":0.0567732094,"83":0.0551655519,"84":-0.0695138279,"85":-0.0496241059,"86":0.4511524463,"87":0.0,"88":0.0,"89":0.0,"90":0.0,"91":0.0,"92":0.0,"93":0.0,"94":0.0,"95":0.0,"96":0.0,"97":0.0,"98":0.0,"99":0.0}}