{"bins":{"0":0.0,"1":0.2929292929,"2":0.5858585859,"3":0.8787878788,"4":1.1717171717,"5":1.4646464646,"6":1.7575757576,"7":2.0505050505,"8":2.3434343434,"9":2.6363636364,"10":2.9292929293,"11":3.2222222222,"12":3.5151515152,"13":3.8080808081,"14":4.101010101,"15":4.3939393939,"16":4.6868686869,"17":4.9797979798,"18":5.2727272727,"19":5.5656565657,"20":5.8585858586,"21":6.1515151515,"22":6.4444444444,"23":6.7373737374,"24":7.0303030303,"25":7.3232323232,"26":7.6161616162,"27":7.9090909091,"28":8.202020202,"29":8.4949494949,"30":8.7878787879,"31":9.0808080808,"32":9.3737373737,"33":9.6666666667,"34":9.9595959596,"35":10.2525252525,"36":10.5454545455,"37":10.8383838384,"38":11.1313131313,"39":11.4242424242,"40":11.7171717172,"41":12.0101010101,"42":12.303030303,"43":12.595959596,"44":12.8888888889,"45":13.1818181818,"46":13.4747474747,"47":13.7676767677,"48":14.0606060606,"49":14.3535353535,"50":14.6464646465,"51":14.9393939394,"52":15.2323232323,"53":15.5252525253,"54":15.8181818182,"55":16.1111111111,"56":16.404040404,"57":16.696969697,"58":16.9898989899,"59":17.2828282828,"60":17.5757575758,"61":17.8686868687,"62":18.1616161616,"63":18.4545454545,"64":18.7474747475,"65":19.0404040404,"66":19.3333333333,"67":19.6262626263,"68":19.9191919192,"69":20.2121212121,"70":20.5050505051,"71":20.797979798,"72":21.0909090909,"73":21.3838383838,"74":21.6767676768,"75":21.9696969697,"76":22.2626262626,"77":22.5555555556,"78":22.8484848485,"79":23.1414141414,"80":23.4343434343,"81":23.7272727273,"82":24.0202020202,"83":24.3131313131,"84":24.6060606061,"85":24.898989899,"86":25.1919191919,"87":25.4848484848,"88":25.7777777778,"89":26.0707070707,"90":26.3636363636,"91":26.6565656566,"92":26.9494949495,"93":27.2424242424,"94":27.5353535354,"95":27.8282828283,"96":28.1212121212,"97":28.4141414141,"98":28.7070707071,"99":29.0},"parallel forces":{"0":0.0,"1":0.0,"2":0.0,"3":0.0,"4":0.0,"5":0.0,"6":0.0,"7":0.0,"8":0.0,"9":0.0,"10":0.0,"11":0.0,"12":0.0,"13":0.0,"14":0.0,"15":0.0,"16":0.0,"17":0.0,"18":0.0,"19":0.0,"20":0.0,"21":0.0,"22":0.0,"23":0.0,"24":0.0,"25":0.0,"26":0.0,"27":0.0,"28":39.1583134887,"29":23.2944696734,"30":13.78037898,"31":7.7914442686,"32":4.0237614408,"33":1.8273435543,"34":0.6522414699,"35":0.2075350847,"36":0.2152712836,"37":0.3729481057,"38":0.2880281744,"39":0.1226563018,"40":-0.0328857769,"41":-0.1423603923,"42":-0.2098533649,"43":-0.2708234303,"44":-0.2631571172,"45":-0.2801216663,"46":-0.2712645259,"47":-0.277479511,"48":-0.2707577821,"49":-0.27081423,"50":-0.2489681297,"51":-0.2447879452,"52":-0.2322753412,"53":-0.2200771027,"54":-0.2166044818,"55":-0.184541749,"56":-0.1779992703,"57":-0.142095284,"58":-0.1289062583,"59":-0.1014609761,"60":-0.0875368316,"61":-0.0858861662,"62":-0.0519176734,"63":-0.040185037,"64":-0.0018395839,"65":-0.0002815343,"66":0.0157400287,"67":0.0170819221,"68":0.026760203,"69":0.0408979507,"70":0.06851554,"71":0.0691747716,"72":0.0795178636,"73":0.0515789241,"74":0.0570742358,"75":0.0514418618,"76":0.0462108902,"77":0.0433331993,"78":0.0526455984,"79":-0.0029329343,"80":-0.0219309673,"81":0.0146699386,"82":-0.0217674659,"83":-0.0301802939,"84":-0.0645737597,"85":0.0090557948,"86":0.378740746,"87":0.0,"88":0.0,"89":0.0,"90":0.0,"91":0.0,"92":0.0,"93":0.0,"94":0.0,"95":0.0,"96":0.0,"97":0.0,"98":0.0,"99":0.0},"transverse forces":{"0":0.0,"1":0.0,"2":0.0,"3":0.0,"4":0.0,"5":0.0,"6":0.0,"7":0.0,"8":0.0,"9":0.0,"10":0.0,"11":0.0,"12":0.0,"13":0.0,"14":0.0,"15":0.0,"16":0.0,"17":0.0,"18":0.0,"19":0.0,"20":0.0,"21":0.0,"22":0.0,"23":0.0,"24":0.0,"25":0.0,"26":0.0,"27":0.0,"28":-0.6316551126,"29":0.2064839505,"30":0.0181159892,"31":-0.0152253888,"32":0.0016991573,"33":-0.0083005665,"34":-0.0015209564,"35":-0.002508571,"36":-0.0139901484,"37":0.0182337381,"38":0.0065146507,"39":0.0070592502,"40":-0.0078194006,"41":-0.0161310194,"42":-0.0070527222,"43":0.0105186048,"44":0.0057868635,"45":-0.0003863223,"46":0.008023386,"47":-0.0012314182,"48":-0.00537173,"49":-0.0075293591,"50":0.0020346069,"51":-0.0138313789,"52":0.0170359439,"53":-0.0024525678,"54":0.0099141974,"55":-0.0066727585,"56":-0.0132385569,"57":0.0066802619,"58":0.008575917,"59":0.0018306018,"60":-0.0028235874,"61":-0.0152379726,"62":-0.0034894362,"63":0.0237682179,"64":0.007999707,"65":0.0045087947,"66":0.0145377821,"67":0.0049953349,"68":0.0320392674,"69":0.0076989262,"70":0.0069629331,"71":-0.0149205362,"72":-0.0097625251,"73":-0.0215198214,"74":-0.0146714458,"75":0.0311802853,"76":0.0084911606,"77":0.018110271,"78":-0.0029438216,"79":0.0223341089,"80":0.0002977576,"81":0.0133038728,"82":-0.016361321,"83":-0.0362384279,"84":-0.0072730856,"85":0.0507290221,"86":0.0919385424,"87":0.0,"88":0.0,"89":0.0,"90":0.0,"91":0.0,"92":0.0,"93":0.0,"94":0.0,"95":0.0,"96":0.0,"97":0.0,"98":0.0,"99":0.0}}