{"bins":{"0":0.0,"1":0.2929292929,"2":0.5858585859,"3":0.8787878788,"4":1.1717171717,"5":1.4646464646,"6":1.7575757576,"7":2.0505050505,"8":2.3434343434,"9":2.6363636364,"10":2.9292929293,"11":3.2222222222,"12":3.5151515152,"13":3.8080808081,"14":4.101010101,"15":4.3939393939,"16":4.6868686869,"17":4.9797979798,"18":5.2727272727,"19":5.5656565657,"20":5.8585858586,"21":6.1515151515,"22":6.4444444444,"23":6.7373737374,"24":7.0303030303,"25":7.3232323232,"26":7.6161616162,"27":7.9090909091,"28":8.202020202,"29":8.4949494949,"30":8.7878787879,"31":9.0808080808,"32":9.3737373737,"33":9.6666666667,"34":9.9595959596,"35":10.2525252525,"36":10.5454545455,"37":10.8383838384,"38":11.1313131313,"39":11.4242424242,"40":11.7171717172,"41":12.0101010101,"42":12.303030303,"43":12.595959596,"44":12.8888888889,"45":13.1818181818,"46":13.4747474747,"47":13.7676767677,"48":14.0606060606,"49":14.3535353535,"50":14.6464646465,"51":14.9393939394,"52":15.2323232323,"53":15.5252525253,"54":15.8181818182,"55":16.1111111111,"56":16.404040404,"57":16.696969697,"58":16.9898989899,"59":17.2828282828,"60":17.5757575758,"61":17.8686868687,"62":18.1616161616,"63":18.4545454545,"64":18.7474747475,"65":19.0404040404,"66":19.3333333333,"67":19.6262626263,"68":19.9191919192,"69":20.2121212121,"70":20.5050505051,"71":20.797979798,"72":21.0909090909,"73":21.3838383838,"74":21.6767676768,"75":21.9696969697,"76":22.2626262626,"77":22.5555555556,"78":22.8484848485,"79":23.1414141414,"80":23.4343434343,"81":23.7272727273,"82":24.0202020202,"83":24.3131313131,"84":24.6060606061,"85":24.898989899,"86":25.1919191919,"87":25.4848484848,"88":25.7777777778,"89":26.0707070707,"90":26.3636363636,"91":26.6565656566,"92":26.9494949495,"93":27.2424242424,"94":27.5353535354,"95":27.8282828283,"96":28.1212121212,"97":28.4141414141,"98":28.7070707071,"99":29.0},"parallel forces":{"0":0.0,"1":0.0,"2":0.0,"3":0.0,"4":0.0,"5":0.0,"6":0.0,"7":0.0,"8":0.0,"9":0.0,"10":0.0,"11":0.0,"12":0.0,"13":0.0,"14":0.0,"15":0.0,"16":0.0,"17":0.0,"18":0.0,"19":0.0,"20":0.0,"21":0.0,"22":0.0,"23":0.0,"24":0.0,"25":0.0,"26":0.0,"27":63.320299129,"28":37.3383642533,"29":23.2324630442,"30":13.8378819855,"31":7.8059055501,"32":4.0411936708,"33":1.8072044066,"34":0.6403624421,"35":0.1772539038,"36":0.1993587971,"37":0.3352214832,"38":0.2745235751,"39":0.0979313194,"40":-0.0380648371,"41":-0.1636977353,"42":-0.2121272959,"43":-0.280911435,"44":-0.2799421031,"45":-0.2717790463,"46":-0.2609957206,"47":-0.2596241289,"48":-0.2685813051,"49":-0.2701818416,"50":-0.2559294024,"51":-0.2456524131,"52":-0.2326011784,"53":-0.2184280245,"54":-0.2239123567,"55":-0.1886360426,"56":-0.1869663282,"57":-0.1691794295,"58":-0.1511264533,"59":-0.1111630015,"60":-0.086860115,"61":-0.06142373,"62":-0.0444883079,"63":-0.0162988615,"64":-0.0374328514,"65":-0.0130290794,"66":0.033145385,"67":0.0517793568,"68":0.0311797904,"69":0.0364785357,"70":0.0307464714,"71":0.0484745386,"72":0.0434823664,"73":0.0299103263,"74":0.0662863207,"75":0.0547272696,"76":0.0377015776,"77":0.0353169342,"78":0.04951891,"79":-0.0078182392,"80":-0.01658228,"81":0.0314704755,"82":0.027965383,"83":-0.0663005918,"84":-0.1247506092,"85":0.061833753,"86":-0.6091253463,"87":0.0,"88":0.0,"89":0.0,"90":0.0,"91":0.0,"92":0.0,"93":0.0,"94":0.0,"95":0.0,"96":0.0,"97":0.0,"98":0.0,"99":0.0},"transverse forces":{"0":0.0,"1":0.0,"2":0.0,"3":0.0,"4":0.0,"5":0.0,"6":0.0,"7":0.0,"8":0.0,"9":0.0,"10":0.0,"11":0.0,"12":0.0,"13":0.0,"14":0.0,"15":0.0,"16":0.0,"17":0.0,"18":0.0,"19":0.0,"20":0.0,"21":0.0,"22":0.0,"23":0.0,"24":0.0,"25":0.0,"26":0.0,"27":1.6207921937,"28":-0.3096855685,"29":-0.0712381093,"30":-0.0004996017,"31":0.0358470897,"32":0.0031479153,"33":0.0104514865,"34":-0.0145832746,"35":-0.0284525886,"36":-0.000663823,"37":0.0105454009,"38":0.0045368933,"39":0.0002660799,"40":-0.0064539618,"41":0.0129852447,"42":0.0083495495,"43":0.0011134158,"44":0.0112127599,"45":-0.0032124381,"46":-0.0106527616,"47":0.0070510107,"48":0.0087964074,"49":-0.0100503704,"50":-0.0119494756,"51":-0.0257356379,"52":0.001868,"53":0.0005102053,"54":-0.0029381637,"55":-0.0103442982,"56":-0.0007786232,"57":-0.0000830564,"58":0.0107542782,"59":0.0147414881,"60":-0.0056988199,"61":-0.0021922544,"62":-0.0187770089,"63":-0.0080474666,"64":-0.0027861773,"65":0.0021061246,"66":0.0131352096,"67":-0.0009995703,"68":0.008735136,"69":-0.0136263296,"70":0.0115391239,"71":-0.002008756,"72":0.0362251961,"73":0.0284857424,"74":-0.0093707836,"75":0.0019718263,"76":0.0319908325,"77":0.0085250961,"78":0.0032037671,"79":-0.0080047731,"80":0.0153174753,"81":-0.0249382624,"82":-0.0016333699,"83":-0.0329509187,"84":-0.0428469655,"85":0.0184701522,"86":0.6886026667,"87":0.0,"88":0.0,"89":0.0,"90":0.0,"91":0.0,"92":0.0,"93":0.0,"94":0.0,"95":0.0,"96":0.0,"97":0.0,"98":0.0,"99":0.0}}