{"bins":{"0":0.0,"1":0.2929292929,"2":0.5858585859,"3":0.8787878788,"4":1.1717171717,"5":1.4646464646,"6":1.7575757576,"7":2.0505050505,"8":2.3434343434,"9":2.6363636364,"10":2.9292929293,"11":3.2222222222,"12":3.5151515152,"13":3.8080808081,"14":4.101010101,"15":4.3939393939,"16":4.6868686869,"17":4.9797979798,"18":5.2727272727,"19":5.5656565657,"20":5.8585858586,"21":6.1515151515,"22":6.4444444444,"23":6.7373737374,"24":7.0303030303,"25":7.3232323232,"26":7.6161616162,"27":7.9090909091,"28":8.202020202,"29":8.4949494949,"30":8.7878787879,"31":9.0808080808,"32":9.3737373737,"33":9.6666666667,"34":9.9595959596,"35":10.2525252525,"36":10.5454545455,"37":10.8383838384,"38":11.1313131313,"39":11.4242424242,"40":11.7171717172,"41":12.0101010101,"42":12.303030303,"43":12.595959596,"44":12.8888888889,"45":13.1818181818,"46":13.4747474747,"47":13.7676767677,"48":14.0606060606,"49":14.3535353535,"50":14.6464646465,"51":14.9393939394,"52":15.2323232323,"53":15.5252525253,"54":15.8181818182,"55":16.1111111111,"56":16.404040404,"57":16.696969697,"58":16.9898989899,"59":17.2828282828,"60":17.5757575758,"61":17.8686868687,"62":18.1616161616,"63":18.4545454545,"64":18.7474747475,"65":19.0404040404,"66":19.3333333333,"67":19.6262626263,"68":19.9191919192,"69":20.2121212121,"70":20.5050505051,"71":20.797979798,"72":21.0909090909,"73":21.3838383838,"74":21.6767676768,"75":21.9696969697,"76":22.2626262626,"77":22.5555555556,"78":22.8484848485,"79":23.1414141414,"80":23.4343434343,"81":23.7272727273,"82":24.0202020202,"83":24.3131313131,"84":24.6060606061,"85":24.898989899,"86":25.1919191919,"87":25.4848484848,"88":25.7777777778,"89":26.0707070707,"90":26.3636363636,"91":26.6565656566,"92":26.9494949495,"93":27.2424242424,"94":27.5353535354,"95":27.8282828283,"96":28.1212121212,"97":28.4141414141,"98":28.7070707071,"99":29.0},"parallel forces":{"0":0.0,"1":0.0,"2":0.0,"3":0.0,"4":0.0,"5":0.0,"6":0.0,"7":0.0,"8":0.0,"9":0.0,"10":0.0,"11":0.0,"12":0.0,"13":0.0,"14":0.0,"15":0.0,"16":0.0,"17":0.0,"18":0.0,"19":0.0,"20":0.0,"21":0.0,"22":0.0,"23":0.0,"24":0.0,"25":0.0,"26":0.0,"27":61.5988951136,"28":37.6277508529,"29":23.365611448,"30":13.8222942416,"31":7.7615975769,"32":4.0454377698,"33":1.8412067233,"34":0.6510512651,"35":0.1734278104,"36":0.1963770186,"37":0.3334410862,"38":0.2501032831,"39":0.1114880625,"40":-0.0513258986,"41":-0.1362923567,"42":-0.2376608728,"43":-0.2664286033,"44":-0.2768981002,"45":-0.2758142866,"46":-0.2818868956,"47":-0.2698140613,"48":-0.2732210314,"49":-0.2599551532,"50":-0.2450984675,"51":-0.240610856,"52":-0.2384256991,"53":-0.2316171292,"54":-0.2203357026,"55":-0.1870487781,"56":-0.1773632516,"57":-0.1525336151,"58":-0.1371977625,"59":-0.1097110461,"60":-0.0794606494,"61":-0.0694068942,"62":-0.0617573315,"63":-0.0309477082,"64":-0.0340078801,"65":-0.0222982453,"66":0.0244462169,"67":0.0149177698,"68":0.0255790588,"69":0.0448025873,"70":0.0539879522,"71":0.0554685113,"72":0.0313562235,"73":0.0631955943,"74":0.0363536464,"75":0.0047711185,"76":0.031623382,"77":0.0490476703,"78":-0.0323502233,"79":0.0273466417,"80":-0.0137801253,"81":-0.0112037422,"82":-0.0025397186,"83":0.0379333985,"84":0.0284872099,"85":0.0174871987,"86":-0.0600743448,"87":0.0,"88":0.0,"89":0.0,"90":0.0,"91":0.0,"92":0.0,"93":0.0,"94":0.0,"95":0.0,"96":0.0,"97":0.0,"98":0.0,"99":0.0},"transverse forces":{"0":0.0,"1":0.0,"2":0.0,"3":0.0,"4":0.0,"5":0.0,"6":0.0,"7":0.0,"8":0.0,"9":0.0,"10":0.0,"11":0.0,"12":0.0,"13":0.0,"14":0.0,"15":0.0,"16":0.0,"17":0.0,"18":0.0,"19":0.0,"20":0.0,"21":0.0,"22":0.0,"23":0.0,"24":0.0,"25":0.0,"26":0.0,"27":-0.745985387,"28":-0.1343693588,"29":0.0454253139,"30":0.0219076851,"31":0.0169624742,"32":-0.0015336393,"33":-0.0084853287,"34":0.0053130616,"35":0.0069439332,"36":0.0054894935,"37":0.0127642464,"38":0.0041017242,"39":-0.0042424821,"40":-0.0096753831,"41":-0.0045860959,"42":-0.009004238,"43":-0.0063030857,"44":-0.0179227989,"45":0.0050589534,"46":0.0143060946,"47":-0.0113133553,"48":-0.0060018904,"49":0.0032667575,"50":-0.0028791207,"51":0.0070009102,"52":0.0078690336,"53":-0.0166298346,"54":-0.0062369764,"55":-0.0032492873,"56":-0.0082337492,"57":-0.0033949816,"58":0.0067552206,"59":0.0018478379,"60":0.0013413908,"61":-0.0066201784,"62":-0.0031096449,"63":-0.0023567525,"64":0.0052534199,"65":0.0040686454,"66":0.0085680966,"67":0.0095348685,"68":-0.0350616074,"69":0.0011553318,"70":-0.0195884495,"71":0.0036917745,"72":-0.0042407342,"73":0.0131913264,"74":-0.0006614045,"75":-0.0112708379,"76":-0.0208757899,"77":-0.016761939,"78":0.0026007136,"79":0.0022718791,"80":0.0124793307,"81":-0.0120360234,"82":-0.0096595751,"83":0.0032442909,"84":0.0310598882,"85":-0.0117630952,"86":-0.370514241,"87":0.0,"88":0.0,"89":0.0,"90":0.0,"91":0.0,"92":0.0,"93":0.0,"94":0.0,"95":0.0,"96":0.0,"97":0.0,"98":0.0,"99":0.0}}