{"bins":{"0":0.0,"1":0.2929292929,"2":0.5858585859,"3":0.8787878788,"4":1.1717171717,"5":1.4646464646,"6":1.7575757576,"7":2.0505050505,"8":2.3434343434,"9":2.6363636364,"10":2.9292929293,"11":3.2222222222,"12":3.5151515152,"13":3.8080808081,"14":4.101010101,"15":4.3939393939,"16":4.6868686869,"17":4.9797979798,"18":5.2727272727,"19":5.5656565657,"20":5.8585858586,"21":6.1515151515,"22":6.4444444444,"23":6.7373737374,"24":7.0303030303,"25":7.3232323232,"26":7.6161616162,"27":7.9090909091,"28":8.202020202,"29":8.4949494949,"30":8.7878787879,"31":9.0808080808,"32":9.3737373737,"33":9.6666666667,"34":9.9595959596,"35":10.2525252525,"36":10.5454545455,"37":10.8383838384,"38":11.1313131313,"39":11.4242424242,"40":11.7171717172,"41":12.0101010101,"42":12.303030303,"43":12.595959596,"44":12.8888888889,"45":13.1818181818,"46":13.4747474747,"47":13.7676767677,"48":14.0606060606,"49":14.3535353535,"50":14.6464646465,"51":14.9393939394,"52":15.2323232323,"53":15.5252525253,"54":15.8181818182,"55":16.1111111111,"56":16.404040404,"57":16.696969697,"58":16.9898989899,"59":17.2828282828,"60":17.5757575758,"61":17.8686868687,"62":18.1616161616,"63":18.4545454545,"64":18.7474747475,"65":19.0404040404,"66":19.3333333333,"67":19.6262626263,"68":19.9191919192,"69":20.2121212121,"70":20.5050505051,"71":20.797979798,"72":21.0909090909,"73":21.3838383838,"74":21.6767676768,"75":21.9696969697,"76":22.2626262626,"77":22.5555555556,"78":22.8484848485,"79":23.1414141414,"80":23.4343434343,"81":23.7272727273,"82":24.0202020202,"83":24.3131313131,"84":24.6060606061,"85":24.898989899,"86":25.1919191919,"87":25.4848484848,"88":25.7777777778,"89":26.0707070707,"90":26.3636363636,"91":26.6565656566,"92":26.9494949495,"93":27.2424242424,"94":27.5353535354,"95":27.8282828283,"96":28.1212121212,"97":28.4141414141,"98":28.7070707071,"99":29.0},"parallel forces":{"0":0.0,"1":0.0,"2":0.0,"3":0.0,"4":0.0,"5":0.0,"6":0.0,"7":0.0,"8":0.0,"9":0.0,"10":0.0,"11":0.0,"12":0.0,"13":0.0,"14":0.0,"15":0.0,"16":0.0,"17":0.0,"18":0.0,"19":0.0,"20":0.0,"21":0.0,"22":0.0,"23":0.0,"24":0.0,"25":0.0,"26":0.0,"27":0.0,"28":37.5090486174,"29":23.2019359897,"30":13.7810830298,"31":7.7609758733,"32":4.0456058638,"33":1.8303940881,"34":0.6277385852,"35":0.1660116627,"36":0.1752814941,"37":0.3494555663,"38":0.2632003807,"39":0.1441648081,"40":-0.030984651,"41":-0.158485673,"42":-0.2187962715,"43":-0.2564846114,"44":-0.2658425009,"45":-0.2655193003,"46":-0.2725489453,"47":-0.2894875228,"48":-0.2662741001,"49":-0.2674604381,"50":-0.251826531,"51":-0.2499441394,"52":-0.231470759,"53":-0.2127671,"54":-0.2055016531,"55":-0.1843246956,"56":-0.1849526473,"57":-0.1589677927,"58":-0.1457673893,"59":-0.1116232999,"60":-0.0839876387,"61":-0.0610646496,"62":-0.056990195,"63":-0.0649817335,"64":-0.0031355792,"65":0.011507505,"66":0.0363166996,"67":0.0404076587,"68":0.0591557501,"69":0.0396716646,"70":0.0448635179,"71":0.0504747982,"72":0.0671634163,"73":0.042369983,"74":-0.0015191303,"75":0.017976885,"76":0.0089149115,"77":0.0097527752,"78":0.0301124833,"79":0.0617710605,"80":0.0262844846,"81":-0.0072441541,"82":-0.0177975841,"83":0.0324383372,"84":0.0135862085,"85":0.0110337115,"86":0.1980494679,"87":0.0,"88":0.0,"89":0.0,"90":0.0,"91":0.0,"92":0.0,"93":0.0,"94":0.0,"95":0.0,"96":0.0,"97":0.0,"98":0.0,"99":0.0},"transverse forces":{"0":0.0,"1":0.0,"2":0.0,"3":0.0,"4":0.0,"5":0.0,"6":0.0,"7":0.0,"8":0.0,"9":0.0,"10":0.0,"11":0.0,"12":0.0,"13":0.0,"14":0.0,"15":0.0,"16":0.0,"17":0.0,"18":0.0,"19":0.0,"20":0.0,"21":0.0,"22":0.0,"23":0.0,"24":0.0,"25":0.0,"26":0.0,"27":0.0,"28":0.5514151353,"29":0.0385227903,"30":-0.0032627204,"31":0.0117488657,"32":0.0237919537,"33":0.0160314099,"34":0.0128312745,"35":0.0127810562,"36":-0.0040697592,"37":0.0094398609,"38":0.004265286,"39":-0.0251438906,"40":0.0056386551,"41":0.0188357435,"42":0.0041056266,"43":-0.0126811554,"44":-0.0058053511,"45":-0.0101480088,"46":-0.0022414784,"47":-0.0063660996,"48":0.0106302649,"49":-0.0052127243,"50":-0.0134715042,"51":0.0087386009,"52":-0.0003173525,"53":-0.0097788082,"54":0.0123288542,"55":-0.0035402474,"56":0.0011747136,"57":0.0023745011,"58":0.0062590748,"59":0.0198939395,"60":-0.0061223251,"61":0.0118077842,"62":-0.0183840555,"63":-0.008897828,"64":0.0105678152,"65":-0.0022229695,"66":0.0115207906,"67":-0.0202195318,"68":0.005016956,"69":-0.0026296601,"70":0.0102304907,"71":-0.0016428989,"72":0.001592871,"73":0.0091711679,"74":-0.0534258699,"75":0.0039109324,"76":0.0018296318,"77":0.0309142476,"78":0.0093680614,"79":-0.0207788972,"80":0.0043245886,"81":-0.0276163833,"82":-0.0478345284,"83":0.0183134834,"84":0.011354679,"85":0.0202287873,"86":-1.0763620047,"87":0.0,"88":0.0,"89":0.0,"90":0.0,"91":0.0,"92":0.0,"93":0.0,"94":0.0,"95":0.0,"96":0.0,"97":0.0,"98":0.0,"99":0.0}}