{"bins":{"0":0.0,"1":0.2929292929,"2":0.5858585859,"3":0.8787878788,"4":1.1717171717,"5":1.4646464646,"6":1.7575757576,"7":2.0505050505,"8":2.3434343434,"9":2.6363636364,"10":2.9292929293,"11":3.2222222222,"12":3.5151515152,"13":3.8080808081,"14":4.101010101,"15":4.3939393939,"16":4.6868686869,"17":4.9797979798,"18":5.2727272727,"19":5.5656565657,"20":5.8585858586,"21":6.1515151515,"22":6.4444444444,"23":6.7373737374,"24":7.0303030303,"25":7.3232323232,"26":7.6161616162,"27":7.9090909091,"28":8.202020202,"29":8.4949494949,"30":8.7878787879,"31":9.0808080808,"32":9.3737373737,"33":9.6666666667,"34":9.9595959596,"35":10.2525252525,"36":10.5454545455,"37":10.8383838384,"38":11.1313131313,"39":11.4242424242,"40":11.7171717172,"41":12.0101010101,"42":12.303030303,"43":12.595959596,"44":12.8888888889,"45":13.1818181818,"46":13.4747474747,"47":13.7676767677,"48":14.0606060606,"49":14.3535353535,"50":14.6464646465,"51":14.9393939394,"52":15.2323232323,"53":15.5252525253,"54":15.8181818182,"55":16.1111111111,"56":16.404040404,"57":16.696969697,"58":16.9898989899,"59":17.2828282828,"60":17.5757575758,"61":17.8686868687,"62":18.1616161616,"63":18.4545454545,"64":18.7474747475,"65":19.0404040404,"66":19.3333333333,"67":19.6262626263,"68":19.9191919192,"69":20.2121212121,"70":20.5050505051,"71":20.797979798,"72":21.0909090909,"73":21.3838383838,"74":21.6767676768,"75":21.9696969697,"76":22.2626262626,"77":22.5555555556,"78":22.8484848485,"79":23.1414141414,"80":23.4343434343,"81":23.7272727273,"82":24.0202020202,"83":24.3131313131,"84":24.6060606061,"85":24.898989899,"86":25.1919191919,"87":25.4848484848,"88":25.7777777778,"89":26.0707070707,"90":26.3636363636,"91":26.6565656566,"92":26.9494949495,"93":27.2424242424,"94":27.5353535354,"95":27.8282828283,"96":28.1212121212,"97":28.4141414141,"98":28.7070707071,"99":29.0},"parallel forces":{"0":0.0,"1":0.0,"2":0.0,"3":0.0,"4":0.0,"5":0.0,"6":0.0,"7":0.0,"8":0.0,"9":0.0,"10":0.0,"11":0.0,"12":0.0,"13":0.0,"14":0.0,"15":0.0,"16":0.0,"17":0.0,"18":0.0,"19":0.0,"20":0.0,"21":0.0,"22":0.0,"23":0.0,"24":0.0,"25":0.0,"26":0.0,"27":55.679929787,"28":37.1568577921,"29":23.1735329966,"30":13.6843929902,"31":7.6996988347,"32":3.9932844168,"33":1.7668854184,"34":0.6101770643,"35":0.1516430346,"36":0.1822207345,"37":0.313654884,"38":0.2291242887,"39":0.0950677262,"40":-0.0546314872,"41":-0.1573866337,"42":-0.237697845,"43":-0.2787573179,"44":-0.2797982922,"45":-0.2824360518,"46":-0.2701316681,"47":-0.2745806257,"48":-0.2617567595,"49":-0.2439541009,"50":-0.2664996627,"51":-0.2438761305,"52":-0.2484296198,"53":-0.205628924,"54":-0.1963072254,"55":-0.1871904244,"56":-0.1763419831,"57":-0.1505451043,"58":-0.1192130712,"59":-0.1027733865,"60":-0.0900049926,"61":-0.0429228425,"62":-0.0481400978,"63":-0.0156662158,"64":-0.0104388865,"65":0.0185275716,"66":0.0056373849,"67":0.0205378397,"68":0.0392862354,"69":0.0290932973,"70":0.0407709037,"71":0.0317959827,"72":0.0526701892,"73":0.0184671002,"74":0.0384959691,"75":0.0474272552,"76":0.0584574083,"77":0.0674523666,"78":0.045652105,"79":0.0347123806,"80":0.0557511545,"81":0.0640691187,"82":0.0074551987,"83":0.0382038196,"84":-0.0287434166,"85":0.0380022549,"86":0.3042213808,"87":0.0,"88":0.0,"89":0.0,"90":0.0,"91":0.0,"92":0.0,"93":0.0,"94":0.0,"95":0.0,"96":0.0,"97":0.0,"98":0.0,"99":0.0},"transverse forces":{"0":0.0,"1":0.0,"2":0.0,"3":0.0,"4":0.0,"5":0.0,"6":0.0,"7":0.0,"8":0.0,"9":0.0,"10":0.0,"11":0.0,"12":0.0,"13":0.0,"14":0.0,"15":0.0,"16":0.0,"17":0.0,"18":0.0,"19":0.0,"20":0.0,"21":0.0,"22":0.0,"23":0.0,"24":0.0,"25":0.0,"26":0.0,"27":-12.2139342335,"28":0.3329013308,"29":0.0324880573,"30":0.0662904888,"31":0.0313225342,"32":-0.005915387,"33":-0.0007844529,"34":-0.0010172874,"35":-0.0061403491,"36":-0.0023231706,"37":-0.0037452739,"38":-0.0054413886,"39":-0.0112461953,"40":0.0243722676,"41":-0.0013282501,"42":0.0116344041,"43":-0.0099097894,"44":0.0046023856,"45":0.0029942063,"46":-0.0120351409,"47":-0.005628141,"48":-0.0001136953,"49":-0.0061777492,"50":-0.0003632045,"51":-0.0036894455,"52":0.0099009385,"53":-0.0040861032,"54":0.0090657397,"55":-0.0106698681,"56":-0.0014516683,"57":-0.0046676643,"58":0.0133111463,"59":0.0008205822,"60":0.0064911335,"61":-0.0066832458,"62":0.0010187685,"63":-0.0167187027,"64":-0.0235807371,"65":0.0074637835,"66":0.0011232104,"67":0.0163694101,"68":0.0047981445,"69":-0.0163512747,"70":0.0063183859,"71":-0.0069480999,"72":-0.0160672738,"73":0.0047488743,"74":-0.0041363075,"75":0.0065641042,"76":-0.0204744906,"77":-0.0557415957,"78":-0.0084086032,"79":0.0018467907,"80":-0.0219722288,"81":0.0168564969,"82":0.011648303,"83":-0.0172550922,"84":0.0032563605,"85":-0.0002646657,"86":-0.1970711989,"87":0.0,"88":0.0,"89":0.0,"90":0.0,"91":0.0,"92":0.0,"93":0.0,"94":0.0,"95":0.0,"96":0.0,"97":0.0,"98":0.0,"99":0.0}}