{"bins":{"0":0.0,"1":0.2929292929,"2":0.5858585859,"3":0.8787878788,"4":1.1717171717,"5":1.4646464646,"6":1.7575757576,"7":2.0505050505,"8":2.3434343434,"9":2.6363636364,"10":2.9292929293,"11":3.2222222222,"12":3.5151515152,"13":3.8080808081,"14":4.101010101,"15":4.3939393939,"16":4.6868686869,"17":4.9797979798,"18":5.2727272727,"19":5.5656565657,"20":5.8585858586,"21":6.1515151515,"22":6.4444444444,"23":6.7373737374,"24":7.0303030303,"25":7.3232323232,"26":7.6161616162,"27":7.9090909091,"28":8.202020202,"29":8.4949494949,"30":8.7878787879,"31":9.0808080808,"32":9.3737373737,"33":9.6666666667,"34":9.9595959596,"35":10.2525252525,"36":10.5454545455,"37":10.8383838384,"38":11.1313131313,"39":11.4242424242,"40":11.7171717172,"41":12.0101010101,"42":12.303030303,"43":12.595959596,"44":12.8888888889,"45":13.1818181818,"46":13.4747474747,"47":13.7676767677,"48":14.0606060606,"49":14.3535353535,"50":14.6464646465,"51":14.9393939394,"52":15.2323232323,"53":15.5252525253,"54":15.8181818182,"55":16.1111111111,"56":16.404040404,"57":16.696969697,"58":16.9898989899,"59":17.2828282828,"60":17.5757575758,"61":17.8686868687,"62":18.1616161616,"63":18.4545454545,"64":18.7474747475,"65":19.0404040404,"66":19.3333333333,"67":19.6262626263,"68":19.9191919192,"69":20.2121212121,"70":20.5050505051,"71":20.797979798,"72":21.0909090909,"73":21.3838383838,"74":21.6767676768,"75":21.9696969697,"76":22.2626262626,"77":22.5555555556,"78":22.8484848485,"79":23.1414141414,"80":23.4343434343,"81":23.7272727273,"82":24.0202020202,"83":24.3131313131,"84":24.6060606061,"85":24.898989899,"86":25.1919191919,"87":25.4848484848,"88":25.7777777778,"89":26.0707070707,"90":26.3636363636,"91":26.6565656566,"92":26.9494949495,"93":27.2424242424,"94":27.5353535354,"95":27.8282828283,"96":28.1212121212,"97":28.4141414141,"98":28.7070707071,"99":29.0},"parallel forces":{"0":0.0,"1":0.0,"2":0.0,"3":0.0,"4":0.0,"5":0.0,"6":0.0,"7":0.0,"8":0.0,"9":0.0,"10":0.0,"11":0.0,"12":0.0,"13":0.0,"14":0.0,"15":0.0,"16":0.0,"17":0.0,"18":0.0,"19":0.0,"20":0.0,"21":0.0,"22":0.0,"23":0.0,"24":0.0,"25":0.0,"26":0.0,"27":66.859004332,"28":37.6133114761,"29":23.1899653215,"30":13.8056327143,"31":7.7504091037,"32":4.0238459194,"33":1.8268760578,"34":0.6255229151,"35":0.147404524,"36":0.1909197371,"37":0.312331429,"38":0.2686390956,"39":0.0979145483,"40":-0.0467438146,"41":-0.1612600983,"42":-0.2339896054,"43":-0.247038386,"44":-0.2799336246,"45":-0.2809879062,"46":-0.2640903963,"47":-0.2748546137,"48":-0.2589311306,"49":-0.271026539,"50":-0.2643560304,"51":-0.2561302711,"52":-0.25336051,"53":-0.2253459655,"54":-0.2208240037,"55":-0.1926904905,"56":-0.1715043517,"57":-0.1679432412,"58":-0.1571508884,"59":-0.1212630536,"60":-0.0903515858,"61":-0.0858815835,"62":-0.0581700921,"63":-0.0385278954,"64":-0.0037916765,"65":-0.0146895842,"66":0.0175073902,"67":0.0274972652,"68":-0.0038004769,"69":0.0226035942,"70":0.035069617,"71":0.0152671614,"72":0.0345344857,"73":0.0335523784,"74":0.0765628263,"75":0.0370982687,"76":0.036329122,"77":0.0370075065,"78":0.0343505154,"79":0.0738176272,"80":0.0745832879,"81":0.0283147129,"82":0.0040380358,"83":0.0157338326,"84":0.0910657124,"85":0.074640834,"86":-0.2955326825,"87":0.0,"88":0.0,"89":0.0,"90":0.0,"91":0.0,"92":0.0,"93":0.0,"94":0.0,"95":0.0,"96":0.0,"97":0.0,"98":0.0,"99":0.0},"transverse forces":{"0":0.0,"1":0.0,"2":0.0,"3":0.0,"4":0.0,"5":0.0,"6":0.0,"7":0.0,"8":0.0,"9":0.0,"10":0.0,"11":0.0,"12":0.0,"13":0.0,"14":0.0,"15":0.0,"16":0.0,"17":0.0,"18":0.0,"19":0.0,"20":0.0,"21":0.0,"22":0.0,"23":0.0,"24":0.0,"25":0.0,"26":0.0,"27":-0.7654102133,"28":-0.0409324642,"29":0.0185654963,"30":0.0135405428,"31":0.0091080075,"32":-0.0163901613,"33":-0.014090414,"34":0.001504071,"35":0.0026742578,"36":0.0067122099,"37":0.0083667172,"38":0.0025367078,"39":-0.0125175476,"40":0.010868554,"41":0.0082275045,"42":0.0060742403,"43":0.0075395206,"44":-0.0112110104,"45":0.0169403652,"46":0.002082413,"47":0.0035695232,"48":-0.0133208402,"49":-0.0005910204,"50":-0.0266424606,"51":0.0016032467,"52":0.0050369737,"53":0.0017502066,"54":0.0009359105,"55":-0.0088836208,"56":-0.0027703642,"57":0.0001924505,"58":0.0035794704,"59":0.0102837035,"60":0.0098527464,"61":-0.0102197862,"62":-0.0076091918,"63":0.0153459322,"64":-0.0030984566,"65":0.0251279444,"66":0.0117783022,"67":0.0114242572,"68":-0.0255123215,"69":-0.0036742353,"70":-0.0078770967,"71":-0.0084557254,"72":0.0012764144,"73":0.0149776299,"74":-0.0106605202,"75":-0.0172362112,"76":0.0021016703,"77":0.01433265,"78":0.0374731858,"79":0.0230722984,"80":0.0045487736,"81":0.0267584034,"82":0.0000891479,"83":-0.0056662013,"84":0.0572868511,"85":0.0018335964,"86":0.2267741206,"87":0.0,"88":0.0,"89":0.0,"90":0.0,"91":0.0,"92":0.0,"93":0.0,"94":0.0,"95":0.0,"96":0.0,"97":0.0,"98":0.0,"99":0.0}}