{"bins":{"0":0.0,"1":0.2929292929,"2":0.5858585859,"3":0.8787878788,"4":1.1717171717,"5":1.4646464646,"6":1.7575757576,"7":2.0505050505,"8":2.3434343434,"9":2.6363636364,"10":2.9292929293,"11":3.2222222222,"12":3.5151515152,"13":3.8080808081,"14":4.101010101,"15":4.3939393939,"16":4.6868686869,"17":4.9797979798,"18":5.2727272727,"19":5.5656565657,"20":5.8585858586,"21":6.1515151515,"22":6.4444444444,"23":6.7373737374,"24":7.0303030303,"25":7.3232323232,"26":7.6161616162,"27":7.9090909091,"28":8.202020202,"29":8.4949494949,"30":8.7878787879,"31":9.0808080808,"32":9.3737373737,"33":9.6666666667,"34":9.9595959596,"35":10.2525252525,"36":10.5454545455,"37":10.8383838384,"38":11.1313131313,"39":11.4242424242,"40":11.7171717172,"41":12.0101010101,"42":12.303030303,"43":12.595959596,"44":12.8888888889,"45":13.1818181818,"46":13.4747474747,"47":13.7676767677,"48":14.0606060606,"49":14.3535353535,"50":14.6464646465,"51":14.9393939394,"52":15.2323232323,"53":15.5252525253,"54":15.8181818182,"55":16.1111111111,"56":16.404040404,"57":16.696969697,"58":16.9898989899,"59":17.2828282828,"60":17.5757575758,"61":17.8686868687,"62":18.1616161616,"63":18.4545454545,"64":18.7474747475,"65":19.0404040404,"66":19.3333333333,"67":19.6262626263,"68":19.9191919192,"69":20.2121212121,"70":20.5050505051,"71":20.797979798,"72":21.0909090909,"73":21.3838383838,"74":21.6767676768,"75":21.9696969697,"76":22.2626262626,"77":22.5555555556,"78":22.8484848485,"79":23.1414141414,"80":23.4343434343,"81":23.7272727273,"82":24.0202020202,"83":24.3131313131,"84":24.6060606061,"85":24.898989899,"86":25.1919191919,"87":25.4848484848,"88":25.7777777778,"89":26.0707070707,"90":26.3636363636,"91":26.6565656566,"92":26.9494949495,"93":27.2424242424,"94":27.5353535354,"95":27.8282828283,"96":28.1212121212,"97":28.4141414141,"98":28.7070707071,"99":29.0},"parallel forces":{"0":0.0,"1":0.0,"2":0.0,"3":0.0,"4":0.0,"5":0.0,"6":0.0,"7":0.0,"8":0.0,"9":0.0,"10":0.0,"11":0.0,"12":0.0,"13":0.0,"14":0.0,"15":0.0,"16":0.0,"17":0.0,"18":0.0,"19":0.0,"20":0.0,"21":0.0,"22":0.0,"23":0.0,"24":0.0,"25":0.0,"26":0.0,"27":0.0,"28":37.3360605109,"29":23.1482525265,"30":13.8009958401,"31":7.7638711435,"32":4.0391387962,"33":1.8280614727,"34":0.632710156,"35":0.1859149256,"36":0.1964065115,"37":0.3436923606,"38":0.2708150306,"39":0.1050006435,"40":-0.0483314294,"41":-0.1645266239,"42":-0.2366196356,"43":-0.2680609567,"44":-0.2830686056,"45":-0.2661587389,"46":-0.2940173968,"47":-0.2871555425,"48":-0.2780124932,"49":-0.2826793346,"50":-0.2608259355,"51":-0.2305668327,"52":-0.246283292,"53":-0.2423714207,"54":-0.1886675532,"55":-0.1845795209,"56":-0.1796339208,"57":-0.1576111415,"58":-0.1479890402,"59":-0.1165831021,"60":-0.0772759861,"61":-0.0700178089,"62":-0.0574687259,"63":-0.0310754834,"64":-0.0204297502,"65":-0.0011201526,"66":0.0090153294,"67":0.0256035168,"68":0.0284693247,"69":0.0435685778,"70":0.0349875371,"71":0.070506522,"72":0.0438693763,"73":0.057977977,"74":0.0551339811,"75":0.0573645676,"76":0.0683107272,"77":0.0493250273,"78":0.0807269076,"79":0.0126081592,"80":0.0557387552,"81":0.0538714558,"82":-0.000806785,"83":0.015612154,"84":0.0178409896,"85":-0.0438077152,"86":-0.1602761893,"87":0.0,"88":0.0,"89":0.0,"90":0.0,"91":0.0,"92":0.0,"93":0.0,"94":0.0,"95":0.0,"96":0.0,"97":0.0,"98":0.0,"99":0.0},"transverse forces":{"0":0.0,"1":0.0,"2":0.0,"3":0.0,"4":0.0,"5":0.0,"6":0.0,"7":0.0,"8":0.0,"9":0.0,"10":0.0,"11":0.0,"12":0.0,"13":0.0,"14":0.0,"15":0.0,"16":0.0,"17":0.0,"18":0.0,"19":0.0,"20":0.0,"21":0.0,"22":0.0,"23":0.0,"24":0.0,"25":0.0,"26":0.0,"27":0.0,"28":0.0024072991,"29":0.0144539631,"30":0.0045765692,"31":0.0196596893,"32":-0.0018150944,"33":-0.0013480754,"34":-0.0010254283,"35":0.0010458213,"36":0.0113962803,"37":-0.0000168226,"38":-0.0019022419,"39":0.0194650527,"40":0.0075921366,"41":-0.0089403274,"42":-0.0181436009,"43":-0.0120705234,"44":0.0045833533,"45":-0.0101775088,"46":0.0139217782,"47":-0.0013767306,"48":-0.0007524749,"49":0.0087108836,"50":0.0069356171,"51":0.0121776582,"52":0.0055122361,"53":0.0097784195,"54":-0.0117031303,"55":-0.0130805135,"56":-0.0024580676,"57":-0.006267738,"58":-0.0110415446,"59":-0.0169446855,"60":-0.0165356554,"61":0.0078343071,"62":0.0077648468,"63":-0.0044883002,"64":-0.0175356073,"65":0.0074843169,"66":-0.0047296676,"67":0.0261304732,"68":-0.0048892492,"69":0.0077692098,"70":0.0111186254,"71":-0.0101206208,"72":-0.0006593304,"73":0.0135034119,"74":0.0099561646,"75":-0.0323131868,"76":-0.0001982174,"77":0.0064529478,"78":-0.0093440615,"79":-0.0066162271,"80":-0.031142729,"81":-0.0101585743,"82":0.0019850995,"83":-0.0474144678,"84":0.0306089268,"85":0.0850922705,"86":-0.1279410604,"87":0.0,"88":0.0,"89":0.0,"90":0.0,"91":0.0,"92":0.0,"93":0.0,"94":0.0,"95":0.0,"96":0.0,"97":0.0,"98":0.0,"99":0.0}}