{"bins":{"0":0.0,"1":0.2929292929,"2":0.5858585859,"3":0.8787878788,"4":1.1717171717,"5":1.4646464646,"6":1.7575757576,"7":2.0505050505,"8":2.3434343434,"9":2.6363636364,"10":2.9292929293,"11":3.2222222222,"12":3.5151515152,"13":3.8080808081,"14":4.101010101,"15":4.3939393939,"16":4.6868686869,"17":4.9797979798,"18":5.2727272727,"19":5.5656565657,"20":5.8585858586,"21":6.1515151515,"22":6.4444444444,"23":6.7373737374,"24":7.0303030303,"25":7.3232323232,"26":7.6161616162,"27":7.9090909091,"28":8.202020202,"29":8.4949494949,"30":8.7878787879,"31":9.0808080808,"32":9.3737373737,"33":9.6666666667,"34":9.9595959596,"35":10.2525252525,"36":10.5454545455,"37":10.8383838384,"38":11.1313131313,"39":11.4242424242,"40":11.7171717172,"41":12.0101010101,"42":12.303030303,"43":12.595959596,"44":12.8888888889,"45":13.1818181818,"46":13.4747474747,"47":13.7676767677,"48":14.0606060606,"49":14.3535353535,"50":14.6464646465,"51":14.9393939394,"52":15.2323232323,"53":15.5252525253,"54":15.8181818182,"55":16.1111111111,"56":16.404040404,"57":16.696969697,"58":16.9898989899,"59":17.2828282828,"60":17.5757575758,"61":17.8686868687,"62":18.1616161616,"63":18.4545454545,"64":18.7474747475,"65":19.0404040404,"66":19.3333333333,"67":19.6262626263,"68":19.9191919192,"69":20.2121212121,"70":20.5050505051,"71":20.797979798,"72":21.0909090909,"73":21.3838383838,"74":21.6767676768,"75":21.9696969697,"76":22.2626262626,"77":22.5555555556,"78":22.8484848485,"79":23.1414141414,"80":23.4343434343,"81":23.7272727273,"82":24.0202020202,"83":24.3131313131,"84":24.6060606061,"85":24.898989899,"86":25.1919191919,"87":25.4848484848,"88":25.7777777778,"89":26.0707070707,"90":26.3636363636,"91":26.6565656566,"92":26.9494949495,"93":27.2424242424,"94":27.5353535354,"95":27.8282828283,"96":28.1212121212,"97":28.4141414141,"98":28.7070707071,"99":29.0},"parallel forces":{"0":0.0,"1":0.0,"2":0.0,"3":0.0,"4":0.0,"5":0.0,"6":0.0,"7":0.0,"8":0.0,"9":0.0,"10":0.0,"11":0.0,"12":0.0,"13":0.0,"14":0.0,"15":0.0,"16":0.0,"17":0.0,"18":0.0,"19":0.0,"20":0.0,"21":0.0,"22":0.0,"23":0.0,"24":0.0,"25":0.0,"26":0.0,"27":73.3447795609,"28":37.1223957456,"29":23.1057450697,"30":13.802091197,"31":7.776299688,"32":4.0206311957,"33":1.8143625469,"34":0.6273202204,"35":0.1624271239,"36":0.1996717889,"37":0.3119139942,"38":0.264710738,"39":0.1148014631,"40":-0.0466300529,"41":-0.170277291,"42":-0.2304145644,"43":-0.2697318952,"44":-0.283475514,"45":-0.2721636583,"46":-0.2596150592,"47":-0.2592635041,"48":-0.2550755295,"49":-0.2580396255,"50":-0.2515298989,"51":-0.2331895921,"52":-0.2242654689,"53":-0.2143925277,"54":-0.1989011219,"55":-0.1969278058,"56":-0.1715912107,"57":-0.1730737733,"58":-0.1441704417,"59":-0.118701634,"60":-0.07156905,"61":-0.0558453323,"62":-0.0542735676,"63":-0.0477074587,"64":-0.0234285954,"65":-0.0046764921,"66":0.0133641813,"67":0.0172816203,"68":0.0362478361,"69":0.0516981241,"70":0.0413498008,"71":0.047796101,"72":0.0258143446,"73":0.0535699544,"74":0.0599643271,"75":0.067562963,"76":0.0790505471,"77":0.0443048428,"78":0.0072319,"79":0.0284954716,"80":0.002295953,"81":0.0015202562,"82":0.017011171,"83":-0.0318560373,"84":0.0204079584,"85":0.0442192335,"86":0.9326977073,"87":0.0,"88":0.0,"89":0.0,"90":0.0,"91":0.0,"92":0.0,"93":0.0,"94":0.0,"95":0.0,"96":0.0,"97":0.0,"98":0.0,"99":0.0},"transverse forces":{"0":0.0,"1":0.0,"2":0.0,"3":0.0,"4":0.0,"5":0.0,"6":0.0,"7":0.0,"8":0.0,"9":0.0,"10":0.0,"11":0.0,"12":0.0,"13":0.0,"14":0.0,"15":0.0,"16":0.0,"17":0.0,"18":0.0,"19":0.0,"20":0.0,"21":0.0,"22":0.0,"23":0.0,"24":0.0,"25":0.0,"26":0.0,"27":0.6769482015,"28":0.1174430665,"29":0.0031316814,"30":-0.009910447,"31":-0.0096987413,"32":-0.0066008052,"33":0.0110224242,"34":-0.0040174389,"35":0.0034076769,"36":-0.0082938601,"37":-0.0009099944,"38":-0.0098815867,"39":0.0079575009,"40":0.0042441948,"41":0.007746016,"42":-0.0035486969,"43":0.0024497368,"44":-0.0038732092,"45":-0.0012638762,"46":0.0078200652,"47":-0.0007940661,"48":0.0070270064,"49":0.0030221791,"50":0.0082031595,"51":-0.0025931757,"52":0.0000450001,"53":-0.00620594,"54":0.0109642324,"55":-0.0065681756,"56":0.009259314,"57":-0.0068805493,"58":-0.0156296644,"59":-0.0018097203,"60":-0.0022603716,"61":0.0179038277,"62":0.0056730912,"63":-0.0159654424,"64":-0.0032440984,"65":0.0053666666,"66":0.0033976692,"67":-0.0276548099,"68":-0.0369585641,"69":-0.014628078,"70":0.0045940785,"71":-0.0075593845,"72":-0.0038926034,"73":-0.0050161759,"74":0.0116762978,"75":-0.0192311367,"76":-0.0239334074,"77":0.008806313,"78":0.0115737877,"79":0.0112259603,"80":0.053487337,"81":0.0120899861,"82":-0.0484180151,"83":-0.0552192467,"84":0.0383791445,"85":-0.0455693749,"86":0.1505687725,"87":0.0,"88":0.0,"89":0.0,"90":0.0,"91":0.0,"92":0.0,"93":0.0,"94":0.0,"95":0.0,"96":0.0,"97":0.0,"98":0.0,"99":0.0}}