{"bins":{"0":0.0,"1":0.2929292929,"2":0.5858585859,"3":0.8787878788,"4":1.1717171717,"5":1.4646464646,"6":1.7575757576,"7":2.0505050505,"8":2.3434343434,"9":2.6363636364,"10":2.9292929293,"11":3.2222222222,"12":3.5151515152,"13":3.8080808081,"14":4.101010101,"15":4.3939393939,"16":4.6868686869,"17":4.9797979798,"18":5.2727272727,"19":5.5656565657,"20":5.8585858586,"21":6.1515151515,"22":6.4444444444,"23":6.7373737374,"24":7.0303030303,"25":7.3232323232,"26":7.6161616162,"27":7.9090909091,"28":8.202020202,"29":8.4949494949,"30":8.7878787879,"31":9.0808080808,"32":9.3737373737,"33":9.6666666667,"34":9.9595959596,"35":10.2525252525,"36":10.5454545455,"37":10.8383838384,"38":11.1313131313,"39":11.4242424242,"40":11.7171717172,"41":12.0101010101,"42":12.303030303,"43":12.595959596,"44":12.8888888889,"45":13.1818181818,"46":13.4747474747,"47":13.7676767677,"48":14.0606060606,"49":14.3535353535,"50":14.6464646465,"51":14.9393939394,"52":15.2323232323,"53":15.5252525253,"54":15.8181818182,"55":16.1111111111,"56":16.404040404,"57":16.696969697,"58":16.9898989899,"59":17.2828282828,"60":17.5757575758,"61":17.8686868687,"62":18.1616161616,"63":18.4545454545,"64":18.7474747475,"65":19.0404040404,"66":19.3333333333,"67":19.6262626263,"68":19.9191919192,"69":20.2121212121,"70":20.5050505051,"71":20.797979798,"72":21.0909090909,"73":21.3838383838,"74":21.6767676768,"75":21.9696969697,"76":22.2626262626,"77":22.5555555556,"78":22.8484848485,"79":23.1414141414,"80":23.4343434343,"81":23.7272727273,"82":24.0202020202,"83":24.3131313131,"84":24.6060606061,"85":24.898989899,"86":25.1919191919,"87":25.4848484848,"88":25.7777777778,"89":26.0707070707,"90":26.3636363636,"91":26.6565656566,"92":26.9494949495,"93":27.2424242424,"94":27.5353535354,"95":27.8282828283,"96":28.1212121212,"97":28.4141414141,"98":28.7070707071,"99":29.0},"parallel forces":{"0":0.0,"1":0.0,"2":0.0,"3":0.0,"4":0.0,"5":0.0,"6":0.0,"7":0.0,"8":0.0,"9":0.0,"10":0.0,"11":0.0,"12":0.0,"13":0.0,"14":0.0,"15":0.0,"16":0.0,"17":0.0,"18":0.0,"19":0.0,"20":0.0,"21":0.0,"22":0.0,"23":0.0,"24":0.0,"25":0.0,"26":0.0,"27":61.0568865281,"28":37.5068633575,"29":23.172732487,"30":13.7865843777,"31":7.7648141669,"32":4.0631026968,"33":1.8359660453,"34":0.6526400357,"35":0.1666388052,"36":0.2057396792,"37":0.3384061938,"38":0.2488512743,"39":0.1046802752,"40":-0.0499978341,"41":-0.170967888,"42":-0.2261709859,"43":-0.2495905442,"44":-0.2511932952,"45":-0.2663558411,"46":-0.2765058166,"47":-0.2737808112,"48":-0.2698193227,"49":-0.2494515053,"50":-0.2591198766,"51":-0.2450850965,"52":-0.2167041787,"53":-0.2121310328,"54":-0.1876026894,"55":-0.1678711226,"56":-0.1685832976,"57":-0.1614919404,"58":-0.1455982185,"59":-0.1279270117,"60":-0.0950656176,"61":-0.0787490317,"62":-0.0575979888,"63":-0.0240248181,"64":0.0034241577,"65":0.0039164976,"66":-0.005679716,"67":0.0285423335,"68":0.014115808,"69":0.0311030895,"70":0.0315943437,"71":0.0216870132,"72":0.0501356365,"73":0.0648491735,"74":0.0711343822,"75":0.0535271494,"76":0.0621767209,"77":0.0274412487,"78":0.0426603997,"79":0.000071782,"80":0.0874092761,"81":0.0055760831,"82":0.0206155134,"83":-0.0054968222,"84":-0.085353989,"85":-0.0680481032,"86":-0.0201472767,"87":0.0,"88":0.0,"89":0.0,"90":0.0,"91":0.0,"92":0.0,"93":0.0,"94":0.0,"95":0.0,"96":0.0,"97":0.0,"98":0.0,"99":0.0},"transverse forces":{"0":0.0,"1":0.0,"2":0.0,"3":0.0,"4":0.0,"5":0.0,"6":0.0,"7":0.0,"8":0.0,"9":0.0,"10":0.0,"11":0.0,"12":0.0,"13":0.0,"14":0.0,"15":0.0,"16":0.0,"17":0.0,"18":0.0,"19":0.0,"20":0.0,"21":0.0,"22":0.0,"23":0.0,"24":0.0,"25":0.0,"26":0.0,"27":6.9284031297,"28":0.4896022099,"29":0.0577676419,"30":0.0497780479,"31":0.0010214447,"32":-0.0205119519,"33":0.0258122504,"34":-0.0031036962,"35":-0.0107332821,"36":-0.0021115745,"37":0.0006816438,"38":0.014247829,"39":-0.0111352466,"40":-0.00627801,"41":-0.0028093543,"42":0.0013039973,"43":-0.0090631839,"44":-0.0066812605,"45":-0.0114457311,"46":0.0046455658,"47":0.0022919796,"48":0.0204029025,"49":0.0154559244,"50":-0.0047765722,"51":-0.0017800568,"52":-0.0033750437,"53":0.0011796554,"54":0.0054046716,"55":-0.0125163593,"56":0.0080076983,"57":-0.0064784626,"58":0.0050078797,"59":-0.0096504488,"60":0.0131736025,"61":0.0033021288,"62":0.0042141583,"63":-0.008555278,"64":-0.0116012419,"65":-0.0108474987,"66":0.0083065148,"67":-0.004168729,"68":-0.0111127787,"69":0.0052182697,"70":0.0222066457,"71":0.0037077939,"72":-0.0022822591,"73":0.0003742264,"74":-0.0067121403,"75":-0.0361925748,"76":0.002847943,"77":-0.0240241284,"78":0.0425081189,"79":0.0229471396,"80":0.0332240677,"81":0.0578540396,"82":-0.0489444326,"83":-0.0463432865,"84":-0.0833930682,"85":-0.0059692211,"86":0.2505126319,"87":0.0,"88":0.0,"89":0.0,"90":0.0,"91":0.0,"92":0.0,"93":0.0,"94":0.0,"95":0.0,"96":0.0,"97":0.0,"98":0.0,"99":0.0}}