{"bins":{"0":0.0,"1":0.2929292929,"2":0.5858585859,"3":0.8787878788,"4":1.1717171717,"5":1.4646464646,"6":1.7575757576,"7":2.0505050505,"8":2.3434343434,"9":2.6363636364,"10":2.9292929293,"11":3.2222222222,"12":3.5151515152,"13":3.8080808081,"14":4.101010101,"15":4.3939393939,"16":4.6868686869,"17":4.9797979798,"18":5.2727272727,"19":5.5656565657,"20":5.8585858586,"21":6.1515151515,"22":6.4444444444,"23":6.7373737374,"24":7.0303030303,"25":7.3232323232,"26":7.6161616162,"27":7.9090909091,"28":8.202020202,"29":8.4949494949,"30":8.7878787879,"31":9.0808080808,"32":9.3737373737,"33":9.6666666667,"34":9.9595959596,"35":10.2525252525,"36":10.5454545455,"37":10.8383838384,"38":11.1313131313,"39":11.4242424242,"40":11.7171717172,"41":12.0101010101,"42":12.303030303,"43":12.595959596,"44":12.8888888889,"45":13.1818181818,"46":13.4747474747,"47":13.7676767677,"48":14.0606060606,"49":14.3535353535,"50":14.6464646465,"51":14.9393939394,"52":15.2323232323,"53":15.5252525253,"54":15.8181818182,"55":16.1111111111,"56":16.404040404,"57":16.696969697,"58":16.9898989899,"59":17.2828282828,"60":17.5757575758,"61":17.8686868687,"62":18.1616161616,"63":18.4545454545,"64":18.7474747475,"65":19.0404040404,"66":19.3333333333,"67":19.6262626263,"68":19.9191919192,"69":20.2121212121,"70":20.5050505051,"71":20.797979798,"72":21.0909090909,"73":21.3838383838,"74":21.6767676768,"75":21.9696969697,"76":22.2626262626,"77":22.5555555556,"78":22.8484848485,"79":23.1414141414,"80":23.4343434343,"81":23.7272727273,"82":24.0202020202,"83":24.3131313131,"84":24.6060606061,"85":24.898989899,"86":25.1919191919,"87":25.4848484848,"88":25.7777777778,"89":26.0707070707,"90":26.3636363636,"91":26.6565656566,"92":26.9494949495,"93":27.2424242424,"94":27.5353535354,"95":27.8282828283,"96":28.1212121212,"97":28.4141414141,"98":28.7070707071,"99":29.0},"parallel forces":{"0":0.0,"1":0.0,"2":0.0,"3":0.0,"4":0.0,"5":0.0,"6":0.0,"7":0.0,"8":0.0,"9":0.0,"10":0.0,"11":0.0,"12":0.0,"13":0.0,"14":0.0,"15":0.0,"16":0.0,"17":0.0,"18":0.0,"19":0.0,"20":0.0,"21":0.0,"22":0.0,"23":0.0,"24":0.0,"25":0.0,"26":0.0,"27":61.1126070911,"28":37.6695377468,"29":23.2316868792,"30":13.8153190361,"31":7.7886771677,"32":4.0348771543,"33":1.8282248008,"34":0.6412762788,"35":0.1791806926,"36":0.1887064948,"37":0.3650486556,"38":0.2595872383,"39":0.1295090737,"40":-0.0678837448,"41":-0.1804732753,"42":-0.2490076697,"43":-0.279203581,"44":-0.2822675645,"45":-0.2911935409,"46":-0.2811194698,"47":-0.2803468636,"48":-0.2658261311,"49":-0.2661234562,"50":-0.2555097731,"51":-0.2500092912,"52":-0.2286625201,"53":-0.2426043365,"54":-0.1990705082,"55":-0.190687297,"56":-0.1634328638,"57":-0.1636906752,"58":-0.1182040252,"59":-0.1133047326,"60":-0.0951037968,"61":-0.0669546971,"62":-0.0335247594,"63":-0.0285787927,"64":-0.0019864192,"65":0.0082611815,"66":0.0155554479,"67":0.0198196312,"68":0.0375356023,"69":0.0546101581,"70":0.0648706074,"71":0.0351310407,"72":0.0390815243,"73":0.0216097501,"74":0.0534826319,"75":0.0797343425,"76":0.037154186,"77":0.0500563088,"78":0.0259455146,"79":0.0272148203,"80":0.0469267682,"81":0.0156540011,"82":0.0241586936,"83":0.0127112986,"84":-0.0296640431,"85":0.1267458338,"86":0.0071374738,"87":0.0,"88":0.0,"89":0.0,"90":0.0,"91":0.0,"92":0.0,"93":0.0,"94":0.0,"95":0.0,"96":0.0,"97":0.0,"98":0.0,"99":0.0},"transverse forces":{"0":0.0,"1":0.0,"2":0.0,"3":0.0,"4":0.0,"5":0.0,"6":0.0,"7":0.0,"8":0.0,"9":0.0,"10":0.0,"11":0.0,"12":0.0,"13":0.0,"14":0.0,"15":0.0,"16":0.0,"17":0.0,"18":0.0,"19":0.0,"20":0.0,"21":0.0,"22":0.0,"23":0.0,"24":0.0,"25":0.0,"26":0.0,"27":-2.7593123716,"28":-0.0727514349,"29":-0.1217140472,"30":-0.0535578484,"31":0.0318380377,"32":-0.0062113957,"33":0.0038700105,"34":-0.0037690527,"35":-0.0045512905,"36":-0.0056949072,"37":0.0100639342,"38":-0.0136527034,"39":0.0015304505,"40":0.0058758082,"41":-0.0012583102,"42":0.0077056509,"43":-0.0052375659,"44":0.0072404921,"45":0.0149862092,"46":-0.0098087883,"47":-0.0021625024,"48":-0.0002509784,"49":0.0020500468,"50":0.0042202205,"51":-0.0004888355,"52":-0.0045485645,"53":-0.0013786295,"54":-0.0002927831,"55":-0.0011209873,"56":0.0044316432,"57":0.0091029286,"58":-0.0059511954,"59":-0.0076338347,"60":0.0043986211,"61":0.0024851036,"62":-0.0054676173,"63":0.0017383858,"64":0.0119020774,"65":-0.0042633679,"66":-0.0188069691,"67":0.0084160363,"68":-0.0201046588,"69":0.0112727405,"70":-0.0279392447,"71":0.0143535213,"72":0.0020073017,"73":0.0031086654,"74":0.0073617572,"75":-0.0012035771,"76":0.020815608,"77":-0.0012568038,"78":0.0048743835,"79":-0.0008286986,"80":0.0229348002,"81":-0.0331043448,"82":0.0088044121,"83":0.0220364253,"84":-0.0115356588,"85":0.1039537787,"86":0.0406247822,"87":0.0,"88":0.0,"89":0.0,"90":0.0,"91":0.0,"92":0.0,"93":0.0,"94":0.0,"95":0.0,"96":0.0,"97":0.0,"98":0.0,"99":0.0}}