{"bins":{"0":0.0,"1":0.2929292929,"2":0.5858585859,"3":0.8787878788,"4":1.1717171717,"5":1.4646464646,"6":1.7575757576,"7":2.0505050505,"8":2.3434343434,"9":2.6363636364,"10":2.9292929293,"11":3.2222222222,"12":3.5151515152,"13":3.8080808081,"14":4.101010101,"15":4.3939393939,"16":4.6868686869,"17":4.9797979798,"18":5.2727272727,"19":5.5656565657,"20":5.8585858586,"21":6.1515151515,"22":6.4444444444,"23":6.7373737374,"24":7.0303030303,"25":7.3232323232,"26":7.6161616162,"27":7.9090909091,"28":8.202020202,"29":8.4949494949,"30":8.7878787879,"31":9.0808080808,"32":9.3737373737,"33":9.6666666667,"34":9.9595959596,"35":10.2525252525,"36":10.5454545455,"37":10.8383838384,"38":11.1313131313,"39":11.4242424242,"40":11.7171717172,"41":12.0101010101,"42":12.303030303,"43":12.595959596,"44":12.8888888889,"45":13.1818181818,"46":13.4747474747,"47":13.7676767677,"48":14.0606060606,"49":14.3535353535,"50":14.6464646465,"51":14.9393939394,"52":15.2323232323,"53":15.5252525253,"54":15.8181818182,"55":16.1111111111,"56":16.404040404,"57":16.696969697,"58":16.9898989899,"59":17.2828282828,"60":17.5757575758,"61":17.8686868687,"62":18.1616161616,"63":18.4545454545,"64":18.7474747475,"65":19.0404040404,"66":19.3333333333,"67":19.6262626263,"68":19.9191919192,"69":20.2121212121,"70":20.5050505051,"71":20.797979798,"72":21.0909090909,"73":21.3838383838,"74":21.6767676768,"75":21.9696969697,"76":22.2626262626,"77":22.5555555556,"78":22.8484848485,"79":23.1414141414,"80":23.4343434343,"81":23.7272727273,"82":24.0202020202,"83":24.3131313131,"84":24.6060606061,"85":24.898989899,"86":25.1919191919,"87":25.4848484848,"88":25.7777777778,"89":26.0707070707,"90":26.3636363636,"91":26.6565656566,"92":26.9494949495,"93":27.2424242424,"94":27.5353535354,"95":27.8282828283,"96":28.1212121212,"97":28.4141414141,"98":28.7070707071,"99":29.0},"parallel forces":{"0":0.0,"1":0.0,"2":0.0,"3":0.0,"4":0.0,"5":0.0,"6":0.0,"7":0.0,"8":0.0,"9":0.0,"10":0.0,"11":0.0,"12":0.0,"13":0.0,"14":0.0,"15":0.0,"16":0.0,"17":0.0,"18":0.0,"19":0.0,"20":0.0,"21":0.0,"22":0.0,"23":0.0,"24":0.0,"25":0.0,"26":0.0,"27":63.9059720104,"28":38.4408833886,"29":23.1438095022,"30":13.8227052425,"31":7.7621869259,"32":4.0138968308,"33":1.8020849703,"34":0.6146912071,"35":0.1750773698,"36":0.1828554394,"37":0.3087539159,"38":0.2703631616,"39":0.0982556368,"40":-0.0597995021,"41":-0.1627059276,"42":-0.2327255477,"43":-0.2630741911,"44":-0.2561550996,"45":-0.28245213,"46":-0.278242764,"47":-0.2721871648,"48":-0.274951534,"49":-0.2600063445,"50":-0.2379015167,"51":-0.22356278,"52":-0.2234622872,"53":-0.2123348187,"54":-0.2054763303,"55":-0.1695795882,"56":-0.1783262386,"57":-0.1516906339,"58":-0.1350149396,"59":-0.1154482799,"60":-0.0880396855,"61":-0.0781217806,"62":-0.0517814764,"63":-0.0212257048,"64":-0.0035395617,"65":0.0183932186,"66":0.0309997419,"67":0.0480432932,"68":0.0482351107,"69":0.0374935687,"70":0.0306936274,"71":0.0326322544,"72":0.0407702829,"73":0.0184595253,"74":0.0544327447,"75":0.0187013966,"76":0.0693661892,"77":0.0595637782,"78":0.0337550446,"79":0.0316796869,"80":0.0074815917,"81":-0.008589744,"82":0.034887421,"83":0.0214911037,"84":0.0171066049,"85":0.0675700253,"86":-0.0428579927,"87":0.0,"88":0.0,"89":0.0,"90":0.0,"91":0.0,"92":0.0,"93":0.0,"94":0.0,"95":0.0,"96":0.0,"97":0.0,"98":0.0,"99":0.0},"transverse forces":{"0":0.0,"1":0.0,"2":0.0,"3":0.0,"4":0.0,"5":0.0,"6":0.0,"7":0.0,"8":0.0,"9":0.0,"10":0.0,"11":0.0,"12":0.0,"13":0.0,"14":0.0,"15":0.0,"16":0.0,"17":0.0,"18":0.0,"19":0.0,"20":0.0,"21":0.0,"22":0.0,"23":0.0,"24":0.0,"25":0.0,"26":0.0,"27":1.0267004872,"28":-0.3331863328,"29":0.0905990642,"30":0.0160570488,"31":-0.0159275744,"32":0.007710451,"33":-0.0130688108,"34":0.0062513914,"35":-0.0025025987,"36":0.0045887555,"37":0.0020706606,"38":0.0166459532,"39":0.0197125129,"40":-0.0091605667,"41":0.002466695,"42":0.0106184088,"43":0.0173555428,"44":-0.0256633123,"45":-0.0056628053,"46":0.0082986649,"47":0.0072628629,"48":-0.0180240333,"49":-0.0123831196,"50":-0.0131692695,"51":-0.0050356075,"52":-0.0000197493,"53":0.0007513229,"54":-0.0046207546,"55":0.0161486379,"56":-0.0064642547,"57":-0.0146683938,"58":0.0055621156,"59":0.0025683691,"60":0.0039528179,"61":0.0028914474,"62":-0.0102006566,"63":-0.0114911069,"64":0.0100901277,"65":-0.0146568532,"66":-0.0037605724,"67":-0.0053726125,"68":-0.0053029161,"69":0.0095740616,"70":0.0170840892,"71":-0.0156664157,"72":0.0280393175,"73":0.0164329064,"74":0.0020254516,"75":-0.0018102217,"76":-0.0092900554,"77":-0.0228896286,"78":-0.0070407542,"79":-0.0024259933,"80":0.0267534227,"81":-0.0074054342,"82":-0.0324389953,"83":-0.0738270435,"84":-0.032229879,"85":0.0304197012,"86":-0.016062179,"87":0.0,"88":0.0,"89":0.0,"90":0.0,"91":0.0,"92":0.0,"93":0.0,"94":0.0,"95":0.0,"96":0.0,"97":0.0,"98":0.0,"99":0.0}}