{"bins":{"0":0.0,"1":0.2929292929,"2":0.5858585859,"3":0.8787878788,"4":1.1717171717,"5":1.4646464646,"6":1.7575757576,"7":2.0505050505,"8":2.3434343434,"9":2.6363636364,"10":2.9292929293,"11":3.2222222222,"12":3.5151515152,"13":3.8080808081,"14":4.101010101,"15":4.3939393939,"16":4.6868686869,"17":4.9797979798,"18":5.2727272727,"19":5.5656565657,"20":5.8585858586,"21":6.1515151515,"22":6.4444444444,"23":6.7373737374,"24":7.0303030303,"25":7.3232323232,"26":7.6161616162,"27":7.9090909091,"28":8.202020202,"29":8.4949494949,"30":8.7878787879,"31":9.0808080808,"32":9.3737373737,"33":9.6666666667,"34":9.9595959596,"35":10.2525252525,"36":10.5454545455,"37":10.8383838384,"38":11.1313131313,"39":11.4242424242,"40":11.7171717172,"41":12.0101010101,"42":12.303030303,"43":12.595959596,"44":12.8888888889,"45":13.1818181818,"46":13.4747474747,"47":13.7676767677,"48":14.0606060606,"49":14.3535353535,"50":14.6464646465,"51":14.9393939394,"52":15.2323232323,"53":15.5252525253,"54":15.8181818182,"55":16.1111111111,"56":16.404040404,"57":16.696969697,"58":16.9898989899,"59":17.2828282828,"60":17.5757575758,"61":17.8686868687,"62":18.1616161616,"63":18.4545454545,"64":18.7474747475,"65":19.0404040404,"66":19.3333333333,"67":19.6262626263,"68":19.9191919192,"69":20.2121212121,"70":20.5050505051,"71":20.797979798,"72":21.0909090909,"73":21.3838383838,"74":21.6767676768,"75":21.9696969697,"76":22.2626262626,"77":22.5555555556,"78":22.8484848485,"79":23.1414141414,"80":23.4343434343,"81":23.7272727273,"82":24.0202020202,"83":24.3131313131,"84":24.6060606061,"85":24.898989899,"86":25.1919191919,"87":25.4848484848,"88":25.7777777778,"89":26.0707070707,"90":26.3636363636,"91":26.6565656566,"92":26.9494949495,"93":27.2424242424,"94":27.5353535354,"95":27.8282828283,"96":28.1212121212,"97":28.4141414141,"98":28.7070707071,"99":29.0},"parallel forces":{"0":0.0,"1":0.0,"2":0.0,"3":0.0,"4":0.0,"5":0.0,"6":0.0,"7":0.0,"8":0.0,"9":0.0,"10":0.0,"11":0.0,"12":0.0,"13":0.0,"14":0.0,"15":0.0,"16":0.0,"17":0.0,"18":0.0,"19":0.0,"20":0.0,"21":0.0,"22":0.0,"23":0.0,"24":0.0,"25":0.0,"26":0.0,"27":58.5069980232,"28":37.7733585926,"29":23.2527672123,"30":13.7933951114,"31":7.7744158049,"32":4.021002431,"33":1.8227442274,"34":0.6114725555,"35":0.1742467773,"36":0.207069224,"37":0.3456726459,"38":0.2489245612,"39":0.1048928579,"40":-0.0459902355,"41":-0.156916863,"42":-0.2260787052,"43":-0.262195946,"44":-0.2671053604,"45":-0.2704745852,"46":-0.270244283,"47":-0.2742640489,"48":-0.2744264286,"49":-0.2616016552,"50":-0.2337225832,"51":-0.2308387084,"52":-0.1994889256,"53":-0.2184363311,"54":-0.192609265,"55":-0.1944902206,"56":-0.1780721165,"57":-0.153546229,"58":-0.1314679324,"59":-0.1220367715,"60":-0.091794843,"61":-0.0649615547,"62":-0.0575042296,"63":-0.0229482708,"64":0.0007772916,"65":-0.0127164643,"66":-0.0108721746,"67":0.0257553242,"68":0.0048935661,"69":0.0212356323,"70":0.0765193247,"71":0.0703808411,"72":0.0652490484,"73":0.0471067288,"74":0.057118125,"75":0.0606088717,"76":0.060846628,"77":0.0545329358,"78":0.0613689642,"79":0.0371240312,"80":0.0077556785,"81":-0.0114304602,"82":0.0196439209,"83":0.0063017779,"84":-0.0520365666,"85":0.0000544456,"86":-0.6163521393,"87":0.0,"88":0.0,"89":0.0,"90":0.0,"91":0.0,"92":0.0,"93":0.0,"94":0.0,"95":0.0,"96":0.0,"97":0.0,"98":0.0,"99":0.0},"transverse forces":{"0":0.0,"1":0.0,"2":0.0,"3":0.0,"4":0.0,"5":0.0,"6":0.0,"7":0.0,"8":0.0,"9":0.0,"10":0.0,"11":0.0,"12":0.0,"13":0.0,"14":0.0,"15":0.0,"16":0.0,"17":0.0,"18":0.0,"19":0.0,"20":0.0,"21":0.0,"22":0.0,"23":0.0,"24":0.0,"25":0.0,"26":0.0,"27":-0.7938194815,"28":0.3400145508,"29":-0.0124041003,"30":-0.0049282551,"31":0.0257796839,"32":0.0116215282,"33":0.0112546115,"34":0.0148164157,"35":0.0158702235,"36":-0.007739781,"37":-0.0205266855,"38":-0.0151006556,"39":-0.0036678809,"40":-0.0077907294,"41":-0.0144787562,"42":0.0010674894,"43":0.0120387678,"44":0.0031579076,"45":-0.007170384,"46":-0.0020500344,"47":0.0018630445,"48":0.0198412941,"49":-0.0075655574,"50":-0.0073409259,"51":-0.0109181777,"52":-0.0026358833,"53":-0.0030446906,"54":-0.0026480114,"55":0.0062144448,"56":-0.0030472402,"57":0.0093319472,"58":-0.0094868743,"59":-0.0113051164,"60":0.0197628515,"61":0.002036124,"62":0.0122623607,"63":-0.0000035076,"64":0.0004435728,"65":-0.0004083559,"66":0.0077079751,"67":0.0008849104,"68":-0.0032720322,"69":-0.0063531532,"70":0.0301199681,"71":-0.0274558116,"72":0.0329200237,"73":0.0250667361,"74":-0.016908211,"75":0.0090944491,"76":-0.0408963766,"77":-0.02600498,"78":0.0177011108,"79":0.0167887027,"80":-0.0239523432,"81":-0.0449835115,"82":-0.0171437619,"83":0.0126146989,"84":0.0611639768,"85":-0.0528987596,"86":0.0576133844,"87":0.0,"88":0.0,"89":0.0,"90":0.0,"91":0.0,"92":0.0,"93":0.0,"94":0.0,"95":0.0,"96":0.0,"97":0.0,"98":0.0,"99":0.0}}